path,size_bytes,sha256
'ru_RU',0,e3b0c44298fc1c149afbf4c8996fb92427ae41e4649b934ca495991b7852b855
-files --others --exclude-standard,16465,2d77f19c3ab7c748e764b5e094d289f565de58c1994c7b17725574f51a165c8a
.env,271,2ee57a3b3abdaaecf450159e73c581dff99d9a76b2adb50f96aed2167d22b544
.gitignore,1843,b6da39cdcb9daeeabbcfa6e5f56f136567620b4597deaa75d31f341e06f3692a
2026_01_25_add_booking_status.sql,517,7fec77ee4472fb34fb6a27c808489c8c2f263c3788255ad864a3fa73c14f3284
api_add_menu_totem_test.py,2194,7b43118836db2b86afbb17d775776779698678a155df4e8c59eb089ab51e8dd6
api_create_test_page.py,3197,657935f0a9c951ff92e3981c22afd46b2dc754acf1785974d51501e4afc453d4
api_create_test_page_CANONICAL.py,2699,e7de9bffa0005e5554a314a71bee34d5a8a46c560111ed90e0d89d3e2be16523
api_create_test_page_final.py,3229,48787629982b9acbad3e68ae802688d089a53d4494993113bdf0fbce6bc660ac
api_discover_website_architecture.py,3686,ed5e37b9580460ba7d955a24d851932a4afb428d6d6aad2e4c9377cabc293ae9
api_fix_view_use_website_layout.py,2040,7dc530142960e0cf7e32281b215afbee55b3b6293fbaedca8b4d38abc8e206c8
api_inspect_default_menu.py,1799,9625dc88bd91fcdad06e4717078d5074764474528bd0ae86d410863ec5472f88
api_read_users.py,738,e81dc8ad67d1f84ed99a822e2028cd7d76c5e85403957227adfba55d0d7b3cd7
api_read_websites.py,2354,2b2e4154b2c2fb372aea27b7386c99ab6d9deb2a1675a008f34edcf7ac8f6e9a
api_smoke.py,699,ca887939f34ff60ba3a97793adefd2e583453ba03eaec71ded9ba8e766f07f81
ARCHITECTURE.md,2600,a58c7d98453584260eebe9b5e21684f12defb404f92e364f3fa89b121cf843d3
body.json,215,02dc0616cf57c41fc8e90cd3c5716512b5e3c6979037a62780529e49f73d365e
cabinet_inventory.json,2179,8ce59e85dec45c7e6c04c0883c4929222106fc4e92f0bbaccab71e19cc269fa8
cd,0,e3b0c44298fc1c149afbf4c8996fb92427ae41e4649b934ca495991b7852b855
CORE_CONTRACTS.md,1945,4aea1a4b7686d0714ed26648ea6e141367f29a1924ecd3f5aa2c8006e72eb43b
CORE_FLOW_v1.md,941,6baf1f0e50b9b3ccd9c3855e7c847614536d3e643039cdc59ec974d51e083f0d
curl,0,e3b0c44298fc1c149afbf4c8996fb92427ae41e4649b934ca495991b7852b855
data.db-shm,32768,3b79d9445bb3193e9883e74c9ba97833f1f2378fc126cff1bb244034d3c016b9
db.js,1775,6289565f883661393b0983c204e84fe69caba670be1de834218256aa3bff960d
db_bootstrap_public_v1.sql,1318,b8340fcfd1cb8b9401b18386aef8c7b37968ce2d9db37414e6bb6e75f90b6f01
db_check.txt,89,767c55b5f90332c1bc3523635132893b163b195509eac3b1311e1c8378638ba4
DB_CONTRACT.md,1529,1e0675cbe598a990a355846f1689074f7f14d6343b170a8c211c81ef922caf79
db_schema_freeze.sql,31976,f5bcd6eda7b1f34d74b2f256a56707c200b1a68c0ac240938e42ed6f3a1ad53e
db_schema_v1.sql,541,c9a612b69a9890f47b4d61869b7dcc813d494b70da73a5f4a66ec4b4020efd9d
dir,0,e3b0c44298fc1c149afbf4c8996fb92427ae41e4649b934ca495991b7852b855
docker,0,e3b0c44298fc1c149afbf4c8996fb92427ae41e4649b934ca495991b7852b855
docker-compose.yml,608,0a177bdf3e603af588743f4ebbb6b0ec3db6b0b55a48fb468fb1f5c0a199b3c7
dt.txt,8996,7d84b5d6a26af402314f73d2c942cb943309f8d55577cb8b047527cedee51995
dump_project_structure.py,4148,f1826425cc048b6efcefa024c32c257e7044d9ebff8026d031bca362e2e4f64c
export_crm_filters.csv,267,ffa494c6de179998cb2bdd000bb927f604dcd7cd3ce0bd80787c1f5605d3c545
export_crm_stages.csv,219,d88502151cd6702dd2e2ee7534ab7a23c9914fc5983035b988a9067d0b5fd216
export_menu_ru.csv,288,012a3cf6da7cd723c326ae4ca3aae21344fce05a767ed27c95d17aa5e083095f
export_views_ru.csv,2631,2374c97ebf0b33385db53d0474fa4938a6eaaff1c1488ed280bb73ef32c9a7bd
FREEZE.md,595,bc2d11bbe9e4b7875953e9647b030c648e95ea9abf55c30d36cf4faa2cff2fae
FREEZE_PAYMENTS_2026_02_10.md,295,7c926493a79b4ef8dcd3161fc6d3ef012d9b52e329b3fe4c8409816a02f185c4
git,0,e3b0c44298fc1c149afbf4c8996fb92427ae41e4649b934ca495991b7852b855
git_status_compact.txt,11821,7d5a958ca2cc1dc5f6f364107c3938876fb0210d847d58b614a87b8298c1f022
git_status_full.txt,15513,82f8e516a401801d2ae4274d5815380e7cc54036ff1d2d4839f956f0f6795593
git_untracked.txt,1029,afa535cea5eb4f7115e1e9c3cc2c3b4d81fa7524cbd348a86b8391a9d740b0bb
HANDOFF_FINAL.md,4541,43d9fdb53e0909d2f8628ee4a566f395325157776f7dd88382ee0590f49c2eb4
HANDOFF_PAYMENTS_FINAL_2026_02_10.md,1201,fa900f69eb25c9ea5f3ca2c0ecce4a8a0a671611afe07d1dc2fd8f3cfe079675
how -1 --name-only,192,b656773f3d7c9986d53123c7632f251fbc0a9210bb68cc8bf17134df220b0607
if,0,e3b0c44298fc1c149afbf4c8996fb92427ae41e4649b934ca495991b7852b855
index.js,1216,38cc4aa78b25faa72fa5e511b63e25e0b61f51e548a33e76eefe3280d726b9e7
index.js.bak,3670,b64e546f838eaeba482951ed3b423621f28a1747ceaf515012725aeffeb77a13
inspect_bookings_schema.js,289,9dc46172392cd9690d922b28a4f4b9ed466d6c22d105949a407b1e7a6886238b
ir_act_server_cols.txt,1565,aa2e406d8e5f98c529e8b6fc2ebc13998eac9205cf1de83227f775886fa0e1ca
masters.id,0,e3b0c44298fc1c149afbf4c8996fb92427ae41e4649b934ca495991b7852b855
migrate.js,1059,80b96a2999d6e68df6a717e86e2ac380e36b71cad04150972c4604d8003222ad
migrate_add_service_to_bookings.js,266,b8fe24f13f8d0d5bfc109d488d4164fb545f5b37b9e735f0d2cfc670424a1162
migrate_alerts.js,567,3859ee17c4bcbe4fd2d492f47129455148334dc2920b3e3bbfb44b7b120800f9
migrate_blocks.js,523,195e41bba15284d7551947a50aef82f2f7546e02219f16cb8114bf064506485f
migrate_blocks_slug_fix.js,867,429bdb1ab47a3b6aa370083778a9dce7b3c62b64d49c29e810edf161dc2e3c77
migrate_blocks_v1.js,414,ff42ccba526b8f3a7f296aa15efba8d90e35ef821314d40a4f6f409d333a7211
migrate_bookings.js,505,f3191b78ae392907e7b0a20fcfe499b154d6db1d6852092ce0fe648be53ebab4
migrate_cancel.js,311,7ac21117fcd8a32049fb306a87db596a9b13c797a6189698e347b4ac1c9e1cb9
migrate_marketplace_bookings.js,556,0f0cebdf208b236f54a39057d248d32b446a7cd7cc229ca8beca80092cbb66e0
migrate_schedule.js,543,cd0f247a52b7898096fa8aae39c03922b5d242320bf9873c1ea7fc355a7db1da
migrate_services.js,72,2c333e4a7c96890cb739ba62a1d893e8d52140e04cafe1be45d24b3d72b52969
migrate_step14_status_log.js,745,362c8752588de0df96782b4b8ce0825111cc507ab55dba2eb32e90ffde93f114
migrate_step16_commissions.js,659,c8f5304be735b0a4d5a5187ca214dde43b65460adccce9a04bf2b059f29d5464
migrate_step17b_payments.js,764,906d9b7f1c0c52bc85445211e9e8b28e59828736d1a9609acf3c2f383b40e2e9
migrate_step17_source.js,287,427bf5031f5c0e9925841dad75a4eb720716572a3394709569b62fd48e66b3fd
mkdir,0,e3b0c44298fc1c149afbf4c8996fb92427ae41e4649b934ca495991b7852b855
node,0,e3b0c44298fc1c149afbf4c8996fb92427ae41e4649b934ca495991b7852b855
notepad,0,e3b0c44298fc1c149afbf4c8996fb92427ae41e4649b934ca495991b7852b855
npm,0,e3b0c44298fc1c149afbf4c8996fb92427ae41e4649b934ca495991b7852b855
odoo_add_masters_clients_menu_fix.py,3237,80e902170fdbb0423fa99f7737a05d14444d7d0ce53ddffcda33b42f8f3b4940
odoo_add_masters_clients_page.py,4191,2ba055e0df8419d5b46758e8532e817e2bc9bac93ddaa9db7adb9998b669174a
odoo_audit.py,2263,e5dcffd189c6d3324fcde261f769573809e18324bd81f580ccc87d039fe1c604
odoo_create_cabinet_pages_with_nav.py,4558,911a41afe573d31b0a47e6b4997c67261721850a3f286f07fa3aa13c0d1b25d9
odoo_create_salons_masters_packages.py,4867,156c29e10d224d5d71e7715d2d968be9f9fc4bbecd0d47a434eb9fd40099b1c2
odoo_force_create_masters_clients_menu.py,3644,ae39ed6d69215f6bea6ee8e3d557d7937e859b170e07e3d231a4d15ea5f25c86
odoo_freeze_release1_5.sql,8828714,50ad6ef291591cbbcb74f2fd1ff8031134b87b6ee9f6e75d8e403a8125ff9bb3
odoo_freeze_release2.sql,8830779,6f453f148879a04a393a5c40605f437fddb7d98aa527348bee8859777a134954
odoo_freeze_release2_1.sql,8831369,38e41475348e45b9436cd2e996797c8041616e4083980d56f3c47c93c0dc992e
odoo_inventory_full_site.py,3377,11b7bbc9e6837d746d6d58c866d439bdd69506e3366b6abeb1a94a21e293691e
odoo_inventory_pages_menus.py,2721,fb66a9753cc2f354491cbf9637f18373f507325acb19dd967c03514066416081
odoo_pages.json,1615,e73d645b75b605ca068cdd72a37e0234979c1979ff9d64d71fa17caf0d0f4af7
odoo_release1_dump.sql,3230400,13a5c1184e4a092c6d1d2a5a07b865a67ff981ea54bfc81c4178812e999cc7fb
odoo_ui_freeze_snapshot.py,4297,4e113cab905311d8b4ef6adc603c6864dca8196efc73fc42b9ecc3de17e1f8fe
odoo_ui_pages_structure_dump.py,4728,258d0a76b121f7711ad966855d2d80f9e88d752bf72454a7286ec1850d7f195f
odoo_website_arch_20260203_220347.json,135240,674cfeac651fe7540006259d8e6bd8153b31bc409f916620cd15f13ce2f67d44
openapi.yaml,5760,48fad9e8092998e024fa3e218030704c914b927f0765800aeaf8d952e853ef72
OPS_RUNBOOK.md,3122,1212d0c28d7c2dde3964b295506f9a4730f8b2c876f1c5fa96a0c281813233ca
OPS_RUNBOOK_MINIMAL.md,329,c10dca0782f716b4c55825aa3ea5da734b9bf4860e27d5c15f232eaca4fb7a28
package-lock.json,54741,6407940c19e061ce95862985dd37ddc7b4a5889ce06340dbb77cfd2d73a75503
package.json,380,82a63b1605e1887a6d018853000047bbd9f2a038ba1603f48386f59250adda27
payments,0,e3b0c44298fc1c149afbf4c8996fb92427ae41e4649b934ca495991b7852b855
PAYMENTS_BACKEND_READY.md,492,62b59edc1080a972181cd9c08cdba256d3b92877b9476469fe9b9789bc329668
PAYMENTS_CONTRACT.md,1358,7072cfd1c07a939888cbf9c7a6469c2aaed6c9f0e0c2cbd79cc8d2f55a1d9d97
PAYMENTS_DOMAIN.md,804,b5c54f9f761ec3c2893812308d7ded0d633dc6fd825f9a7d6daa1710848564bd
PAYMENTS_STATUSES.md,567,05babb8081503d393146cedead5864dc03ebfcc32e0430bd5c1aa45e841e7d56
PAYMENT_PROVIDER_CONTRACT_v1.md,779,5c5af87d7c72275f86fc77b1e300582da9ad2ace0ad749f69a811f84a35f24a5
PAYMENT_UX_FLOW.md,610,66bd1ada21b12b09c302d5eac0ae7ad042d0ca840eb8e4395253aa5c9e689800
PAYOUT_CONTRACT_v1.md,1195,e433f25f4b20e07f120017f10d711bc8480c8fe8391e87e8f14320a76b06b77e
psql,0,e3b0c44298fc1c149afbf4c8996fb92427ae41e4649b934ca495991b7852b855
py,0,e3b0c44298fc1c149afbf4c8996fb92427ae41e4649b934ca495991b7852b855
python,0,e3b0c44298fc1c149afbf4c8996fb92427ae41e4649b934ca495991b7852b855
RELEASE_CHECKLIST.md,234,d9fcbb039c76f2c2c5b9b20bdfd35a116c439574ed54bc823f7bffa041fe7389
RELEASE_PACK.md,529,ecce32509ae539b774ff47bddaceda7c865f9438c6cb7d5c5b74b3b69d67e010
reset_marketplace_core.js,2169,9d2573535aa84ad36513ad8ac3f21d752beb6ba1719eb6ea6ab12699ba8c76ec
SCALE_CONTRACT.md,538,f57cdf6700b6b6b9d3420eaaa2de0656abd792abed6d09083600aaba2494f193
scheduler.js,1776,5ff3707a1ae523da93b0b34d6ef2968a53b6b6fafb4ab5cc5f92c30265aba3e0
seed_blocks.js,378,7d4923385c158efa80a4bdeec013d2654b6f602b5320e8c3820dbf39120e253e
set,0,e3b0c44298fc1c149afbf4c8996fb92427ae41e4649b934ca495991b7852b855
site_inventory.json,8276,048a8b3cbb0026c3481944ac9079a680aabef549f1e376b629195e7bf3360da6
site_inventory_pages.json,4783,11d1dc81543985a90198154260fbae596fb18cd81eb8c80e42c6ae0b60555ec6
site_pages_list.txt,1108,c07c063f23640b7dc0a78ce3cb2655f923c3ad18fabf6749cf5d7689703aa401
taskkill,0,e3b0c44298fc1c149afbf4c8996fb92427ae41e4649b934ca495991b7852b855
test-widget.html,780,9e579452b97fb80b0d38faf1d8270091a462ed81364997089bf69fc53b6055ba
test_owner_async_backfill.cmd,442,a6b3af352ebc179f58583cbc80b32f1d9c0bfea5ca86714c11f9619a3c893227
test_owner_async_backfill_example.cmd,436,9c94123912e5000b3ef4f0a23d0b61e5656cda65e5fa426bda17b0670f3099d8
test_owner_async_read.cmd,229,d972aaf92d0349e13cb64c42120bf675a61473ce3497abf3566c0b2b11ec66c2
test_owner_run_worker.cmd,234,e262ea4f6176875e843db29fab1189415a3f9a7a51afac05aaeef23c0bf795fe
tools_make_payments_full_automation.py,3853,156f27e16ee03a947ab76b39606175bfaed2d2c3280ae3819e1c25d1252f2c1b
tools_make_payments_provider_skeleton.py,4699,80bc3a5853ed2578bf97cfdb21f3741805cd8631bedf15c18a4f8e0e8c466eb5
tools_make_payments_unfreeze_multipack.py,5620,f5e187667cce7264903e25edd45e9da1d82372927f937b5b09035dc27fb35124
tools_payments_final_automation.py,3621,b5e7c7efbef8c3102f2dac1aab78ea5a368ce4e0d19b062eed9bcc87aabcf253
tools_payments_wire_and_check.py,3130,d7cc6a30ed9e6b4e58ae4e0d32d1ec0c0ef9d99ccf435b8b5e5eaf56f1315b43
tools_select_provider_and_enable_sandbox.py,3591,4e57b6fa5b85ebb63f8bf717df3211f02b2031d994a34721b27fa75ef338359a
totem.db,294912,9c5ed25bf1d41eecdbd543f8c34259ce49e1287cf0905eac27a6be9e4f9b0c7b
totem.db-shm,32768,c7f968d92f3d66f9be5506d48159ab364ea64766b0c318355fb8378ff9d10b66
totem.db-wal,230752,38d0e3a93c99ab4d22c237b89136406b892b4acb1b18fc4a607c89a0402ba039
totem.db.bak,225280,429aa7dce604a83a3cf572b1096f1644ef917f43e52f54c4bcc31e302140fad2
totem.db.BEFORE_SCHEMA_V1.bak,294912,9c5ed25bf1d41eecdbd543f8c34259ce49e1287cf0905eac27a6be9e4f9b0c7b
totem.db.DEBUG.bak,73728,a5e6552b43626f8b93085f6bc967291e6f2ea04873b18529ce989d38d795c463
TOTEM_release_2026-02-06.zip,229640,4a00ec0aa44265c7223c4aa2900942d216fa00ab3331e9a7350ccc699ba71730
type,0,e3b0c44298fc1c149afbf4c8996fb92427ae41e4649b934ca495991b7852b855
widget.html,1948,495128838db3df6a2e4a21e046123b91a0c7a00b0f01262bb9afcf4525a42ee4
_public,153,dca0420c269623687f68b35fc86b5679af067a621af64a3145bad8f4c6403531
_SCAN_TS.txt,697,7d2fe0e334066f01e3cd0ac72a65dcf1d3e619715fc8598ad2f8c0d0d1be4f9e
{,0,e3b0c44298fc1c149afbf4c8996fb92427ae41e4649b934ca495991b7852b855
alerts\alert.js,1134,9b80ce59212277e19dcc3bcd273d75ce4d54d45a7195fbb761326319961e4d4d
audit\apply_role_gate_stub.py,7916,560f8fbc39db2ca68534066bae46c8477828ed28061a5574ab65019b5c83288a
audit\build_auth_resolve_contract.py,2459,d23044f2d137a183d4f4a95d428088e33ff26fbbd255ba6f70e61226e478a8aa
audit\build_core_contract_snapshot.py,3345,890d29b15b2e3c558b7735fcc4d7463546091e92f73ed44339598c1ecf5c079c
audit\build_form_contract.py,3076,f4c257ef1922a20c9c245713ab6f32a694c483438b9195a422285baeb1b6992a
audit\dump_odoo_site_audit_deep.py,25466,b0318cf2eb6c569376bc812cc5967742185f5097f59ed8591bb554b59cf9d818
audit_out_deep\assets_views.json,2,4f53cda18c2baa0c0354bb5f9a3ecbe5ed12ab4d8e11ba873c2f11161202b945
audit_out_deep\attachments_public.json,80457,3a094fdfa35cd0aacf356ad179bac866342bb4476d34fbc407a8bb3ebbc3eb4c
audit_out_deep\backup_cabinet_views_20260211_105023Z.json,16414,1cdcc0ab4b0249360dbe74163f18bb6c46c5268edf9825fb9bc76cc7bc24b86e
audit_out_deep\CORE_CONTRACT.md,999,d4aa1f2cc618790511579073384b72c03c4e4a750160b1091527c6de473e877b
audit_out_deep\crawl_form_signatures.json,2935,805fc2c0ebb204c969dcb138a2df8c15df7ba395f77de8fd3c9affb36ef5b5a4
audit_out_deep\crawl_results.json,37133,742cc55b650507797e3e842192b4eed89db1831a38d6781b724b6dc4314f0e82
audit_out_deep\GAP_MAP.md,1226,05c06c091215820db11fd6e7291832733785f2a9e37e4edc548496de738bd9ef
audit_out_deep\menus.json,8818,be637a01a2be384f6e7c06392596adff94ddb1332f0efba5994c5a23add90563
audit_out_deep\pages.json,12172,be7c87882ff41c2bfa4c79bb31f6778ac7e8992d3b16530383960e0973bd5377
audit_out_deep\report.md,8960,f45e0fb2eb93cd34e050d4a52d893b967da041d550ef21839b816f7e81daf887
audit_out_deep\state.json,2179367,34c81da30b48cedc1a1822fc0cfa2482146353dbf71b55dc3cfd263cdf8eb05a
audit_out_deep\views_linked.json,52719,4be32d5c1c2d7ffe65c48ba84eed05bd5feaaf92ab97ef5180be7f7d9e434a5b
audit_out_deep\views_website_all.json,1852223,1cc4672f8beb3c34205b43daa5740c96f754ac6b2206d05e1430942ff8b50d6c
backups\db_schema__before_onboarding_links.sql,27528,c5a5c5cb53ffb887a405c70f8cc6b8ff926d1b287b75a72362b6b305fdae3356
backups\railway_before_payments_core.dump,106237,6c929fde8e4ed89f125ff5c3903e2f1aae18d14c4b66062052c17805c464d181
backups\railway_before_payments_core_fix.dump,106237,d2e0ea3aa58cdead6ed6ebf752e538f5dce217fe2934902d36d558c86fd3d8c5
backups\schema_before_payments_core.sql,56816,6186d58c4b43c4ac4e1b42b378f447c9ed34e9b04c29969c799d889c9ee5e708
backups\totem.db.pre_master_salon_fix.bak,294912,9c5ed25bf1d41eecdbd543f8c34259ce49e1287cf0905eac27a6be9e4f9b0c7b
backups\totem.db.pre_master_salon_fix_v2.bak,294912,9c5ed25bf1d41eecdbd543f8c34259ce49e1287cf0905eac27a6be9e4f9b0c7b
backups\totem.db.snapshot.db,294912,9c5ed25bf1d41eecdbd543f8c34259ce49e1287cf0905eac27a6be9e4f9b0c7b
bi\index.js,536,a4c459dcb5af4f8dbd570a626ca069cb63704a755ceee8642a87da9d4e1dc099
bi\adapters\booking.adapter.js,895,6fbac06062b67a96400a81ddc33eda9446769d400b873376f89dfc75d0ab2a7e
bi\adapters\payment.adapter.js,883,c5f1f7ff4dd7fc3dc8a53487801404cfe72ce801000e2e0aed226a59a2d564c9
bi\adapters\payout.adapter.js,796,1a7f77719c0e17ad7ba25ba599bb76ad661e1035fbb321128eee057ad4f1fe22
booking\booking.routes.js,1034,21eebace617e2c2c1149e0c0860a51c166ea99153aa85f8a0561733fe86e1b55
booking\booking.service.js,2008,ccba0e94beed566fdb42cd0157130d2e784ab7b7468091d73d2d1330d437b067
booking\booking.sql.js,3265,ebf391dd0222ba1bd43a3660472acf9d4e7e68f99394807c855336b6399446fa
calendar\calendar.routes.js,3531,3910006edafd85bf1a9e36ad8ec7fdb1612b61e1b3a046138d0adf9b8f1b3267
calendar\calendar.service.js,2746,834dc89173c6c22e987a61536db648fa37b518499ca813e3ee11619c28150f41
calendar\calendar.sql.js,1399,04bf208e1e87b5500317b2d3427b160bee9f3bc5c15917fab5ddca861f18d6bb
config\payments.flags.json,135,43832262dbb108875ea512607b1fdca4d97b000f40aded42d0fd1ed78bebe6d1
contracts\dataContracts.v1.js,3677,ec6f882946ff7406aa1fa8264e98cebb3b9c3b80d33c72cb6b711274d7d443e6
contracts\PAYMENTS_ADAPTER_INTERFACE.md,169,feff12ba73dd3214b011f2bbe777ecd318af1798f941338d19ee36fbb84353a3
contracts\PAYMENTS_AUDIT_AND_FORENSICS.md,66,7af5a725a1fcdd7a5a2de129f39e82fbdd2d364f9c15a9d53e35263058e301dd
contracts\PAYMENTS_CORE_CONTRACT.md,442,9402830b964a7092534d63a7f89c8e13d89111ce6c8560d0aec9a78fc8c7a3cf
contracts\PAYMENTS_FLOW_STATE_MACHINE.md,111,499e873ce140a608e7b6e6024dd4d3bdec3c74991ad4de913b32117e92321d00
contracts\PAYMENTS_MONITORING_ALERTS_v1.md,323,c3610a4a3127a1c301600952e4d0317c3166ed80a9832ab1e981b20176f81bd6
contracts\PAYMENTS_PROVIDER_ADAPTER_CONTRACT.md,132,499aaa11d60942309c5fb8705e08e44c0bd9fec220d4b531e60af1433f5cc6ad
contracts\PAYMENTS_PROVIDER_CHECKLIST_5.md,141,e56cd6a29c5216c916d2447bdc9b2ea60b976eb9bdce273b74e97820788f6e5f
contracts\PAYMENTS_STATE_MACHINE.md,161,e95f7d2049f4411877b069e927ee69d1245090f29d80ce551537976669325c80
contracts\PAYMENTS_WEBHOOK_CANONICAL_FLOW.md,91,1e5bcda8bfc9625dafa4f32cd35b38c8514ce4efa4e247f889c876285dd8864e
contracts\registry\index.js,602,de9c2352134819a74aa324a4d8658c7fc8dd11d3480bd9c5463ceac75a52dbda
core\bookingStatus.js,1275,53f0ec35fc85342b02aa60f434154cf7b821227815e4e627a61092c0c56775c0
core\idempotency.js,5978,326b02be72dc782dcfc21f1082a141f8966908a7a2187f7b655cac409288a608
core\metrics.js,3255,2b98ad40348343e3cbaf62635c1b2abf1b9225796a2cd0765455492c393a4bfa
core\payments.js,358,a28bba0323263e052aec5b306d2db5280650c5260786b6f47e8e2ec6a0e51b51
core\payouts.js,5080,1b2c2ada25735a21383207e47d75befd2c6519c8cbe202d9da06ccde0576f8fd
core\publicTokens.js,3907,4e8218a80b564e5ddb4051717c2d8b34bd2da6c0a4c6288340d6f5a4f519fd40
core\refunds.js,3652,de0a930fae7727a5ec71a5451aa65e9b04be8b5fc175dfe8709070f81bd91075
core\reports.js,4004,f191b9fa957e307f64af14c6d0647b4ed02254122379dcea7ada06716822346b
core\retention.js,1499,6d99a33e8487e9f6df94c68196118eda3663faa5ee287e96b6326ca8d47cf210
core\settlement.js,3143,843ec4b53891f8c714c8852ffcd4a20efc65e38d1bcf71ad668708b4dc686195
core\settlementAdmin.js,4060,53c0786b11377854c7ddaa27d109aebcb317ddae21b4233a368dc42df1435220
core\tenantMetrics.js,1726,32fab62c90f4923f1b38eea0b741e8fc3f527bb53b5504ccf50145ee4c846045
db\db_schema_v1.sql,15422,373076f83f95b7949229f94a6f06eea3cb5383e6bf1f210b15620b2ea481c1d2
db\index.js,844,1160bc477d03b2cc642e1e197711b0b4c20bc9d15247f9ad60fe4baed299994a
db\index.js.bak,2636,17cf3022ff5123267bc85901870263771707698479de96e0c06c0f500957ce6e
db\reports_v1.sql,1804,35dcc8a986be23c6e24a86e5bdeecc45806af9f0f990e4779281b1bbb1bfc332
db\migrations\2026_01_28_p5_1_fix_payments_is_active.sql,870,bdc9b4d85b453de257f289feebb463def3adef6b5f3ccb717cc2a9969878a77e
db\migrations\2026_01_28_p5_1_full_fix.sql,1874,4356a54d04634aa3d2e726675b46614114bb65c034afc1a67099032421508d84
db\migrations\2026_01_28_p5_1_payments_payouts.sql,2556,c0b41508ed2c8f1539f9424b76419fab7f628b3ea622b8103aade6dd5f51044f
db\migrations\2026_01_28_p5_2_add_updated_at.sql,231,e0cf5d3b68290e5b727dfca0b047ec8889d92e8b421d683bcf7c4ac0e40c7c92
db\migrations\2026_01_28_p5_2_fix_updated_at_default.sql,87,4c5c5be83f94d213ef5cf997edf9b25a076dcd55d20282ebe3f294b0dc445d33
db_snapshot\01_tables.txt,2244,d77ef75e9b349f91c422d4a460b54054311790e8a26c3a2d1979c633a29b26cf
db_snapshot\02_services_schema.txt,1610,2d6e9c54be0389270741c8d00f8503422bfb34e79573231e05e5df3fdb387221
db_snapshot\03_bookings_schema.txt,2073,cf16a30a30611ba1fcd31140cd091b669ec6efdc4109d704c59175095e0abc8e
db_snapshot\04_booking_audit_log_schema.txt,1897,50a6ae993a3f2c07122c89214f3bd348f80a55b1cf34a5464d0f7e491cadbacc
db_snapshot\05_salons_schema.txt,1407,b39fd83279067e5932584dd079b9b74d3b46a87a57034ed858e6fd205533869d
db_snapshot\06_masters_schema.txt,1420,fdc6951f0dece3af73b7e83957d4ad704dab9f89ac2c5564117e5c30498b287a
db_snapshot\07_insert_into_bookings_hits.txt,32151,fdbb6c9abd97956192115cdb6b3e2e1ab16e89947e3838b9e7f2d8f6215d95eb
docs\AUTH_RESOLVE_CONTRACT_v1.md,1758,c1eee7c20192b10a94de8beccc1d7bf1a5127d662b60959c792079c18f78de6c
docs\ERROR_CODES.md,374,c5a30548ac9d75258983f18695b635323f2f38cf2598f8897eca52c9e75fb080
docs\FORM_CONTRACT_v1.md,4305,5485cc24057f9c912df75f90c7227ce859ee72e93293b9d457f9c86fdc72e0f3
docs\index.html,406,633caeec159ace81aed1acdefd27590a07ae23a754f61a2c945d619fa97cf744
docs\ONBOARDING_v1.md,1672,32404858a0aa3191064f13bd21245c5b3cd94e3ef15bdbcbab148a7d0d6e6d3c
docs\PUBLIC_API_v1.md,2461,e3fa53c5427f2dea8524ba3be16e5a499759c1b4ab4aa2bb57502813783371bd
docs\PUBLIC_API_V1_CANONICAL.md,256,f12903cad1e92ee5a6d0494a06e56032b0e7080105db2a88f52cc0498e63f010
docs\PUBLIC_WIDGET_CONTRACT.md,0,e3b0c44298fc1c149afbf4c8996fb92427ae41e4649b934ca495991b7852b855
docs\README.md,588,f2c12161c76147d618279a1ea01d7ab1463e2cea85bda17e3e677f7f0c032335
docs\RELEASE_CHECKLIST.md,1019,fb699f08cde1775399c74a1e9d606cefccad1548292ec81262e9a965d33acd82
docs\RESERVED_SLUGS_CONTRACT.md,1210,1c66dea25d4e9a8841be94c48e21864659b33bedc97db37f4ff3193178df2cba
docs\TOKENS_AND_SECURITY.md,0,e3b0c44298fc1c149afbf4c8996fb92427ae41e4649b934ca495991b7852b855
docs\UI_CONTRACT_V1.md,3365,d920d2d43d9a640eb13d08dade66fecaea8b9597e07f104d925a680cbe068191
docs\WIDGET_INTEGRATION.md,0,e3b0c44298fc1c149afbf4c8996fb92427ae41e4649b934ca495991b7852b855
docs\architecture\TOTEM_Backend_Financial_Core_FREEZE.md,4924,6c6f9af78f93075fefd7fb48b3e0933021b34c827074180f4166f2bbe1b72a81
docs\async\ASYNC_JOBS_OVERVIEW.md,663,57848cc9426acbdef2fd3c15d6c18203a5abd6a011c2e28f921abc08c48afeab
docs\async\ASYNC_JOB_STATES.md,413,db73ce65cd34e02d72b6ebdbabdaf343ba1120b709d8bf28be76ed0d6b9111a1
docs\async\ASYNC_RETRY_POLICY.md,418,379ee122b5bbbb4a33d8484640e7b9d2db33dd8c3e2b792513e0a0b528b7185a
docs\async\CRON_POLICY.md,432,c36bb8944973dbae6857b66bab760ece38f5d66bfd481ea35658abf73bbd8bf9
docs\audit\AUDIT_ACCESS_PROCEDURE.md,1237,524d7c865f4d29f9abdad33d5953c3149aa9a596823f86b380908009dc434dce
docs\audit\AUDIT_MODEL.md,104,8bb105fa2ad8ae382323383746aae5720ffba93a26c7aa038f12749b7d5bbc7f
docs\audit\AUDIT_MODEL.md.20260208_143217.bak,43,a0b83430615a7bd2c863f8403d7f66ef9fb73319f6c3bd9b1436a932e3805e6e
docs\audit\BACKUP_POLICY.md,948,5ff7c742a1f6bfd065139443bea9fc17e1fdff12aa8dd2adfb4fd481a8bd29c1
docs\audit\FORENSIC.md,49,4971d003bdef90b7f55a1b6d8a9855c20cbe596c2f072c17b9627912212a839b
docs\audit\FORENSIC.md.20260208_143217.bak,36,dc1a7a7a42c54a4a76d611340682ddcdff28d77bfc37eb4b943c05ca7974e645
docs\audit\RECONCILIATION.md,55,200baab752eacbf10c04647a624df5910adf365c9873c11275c6608c9b177396
docs\audit\RECONCILIATION.md.20260208_143217.bak,38,ea0efc0c2e5d56388603539ce474508af2cc290278efbf7e91a810b3a4102a81
docs\audit\REFRESH_REGIMENT.md,646,2b5056cbf4a6f513e149bf3c77a85284971d3e849674f7ee60614373bbcbaaa8
docs\audit\REPORTS.md,33,86a2d6a864ba6f4cda2639665b28eb5c59a7d4a050e48560d747d6162d6e9751
docs\auth\REGISTRATION_FLOW.md,6931,c2497e8b28c95cd10a1c1a9f28ec38371794bb46fd0eca3db20741b2e9cf7250
docs\booking\BOOKING_CHECKLIST.md,1467,23ecfabb80a0d588d09ea2ce0c47a7beec0aff8a281e3ac0fe8f079f12410a2e
docs\booking\BOOKING_ERROR_CODES.md,1510,6f021362c259e45d9a03d4b8b4158291040075628087c7875d296eef27cf80ee
docs\booking\BOOKING_RACE_CONDITIONS.md,1318,04a8a194480f47fc46a40fb8cb6d52485de0fd94398a456c352dfb970e4692a8
docs\booking\BOOKING_STATES.md,1047,f52c06af8190a20e5e6ec3f3c9af11e1c70581d7fc2a18791f8f989d0bcd081e
docs\booking\BOOKING_TRANSITIONS.md,1359,4b784f675a9cb3cd316f0ba0c7cb5b319a0aefa4e337768c6578b18f97709b50
docs\booking\BOOKING_TTL_POLICY.md,662,a85df3f53f76d798e3cd86092d87e59f5e0b3f2b4dc74fc4e2c08126b11d69d4
docs\calendar\CALENDAR_CONTRACT.md,2661,c7a190cb440970e61390ad73dbc36a66caa157fa03e880bd26d5543ed105bc67
docs\crm\(final),0,e3b0c44298fc1c149afbf4c8996fb92427ae41e4649b934ca495991b7852b855
docs\crm\anything,0,e3b0c44298fc1c149afbf4c8996fb92427ae41e4649b934ca495991b7852b855
docs\crm\contacted,0,e3b0c44298fc1c149afbf4c8996fb92427ae41e4649b934ca495991b7852b855
docs\crm\converted,0,e3b0c44298fc1c149afbf4c8996fb92427ae41e4649b934ca495991b7852b855
docs\crm\CRM_AUDIT_LOG.md,363,22634dc488d24c8e07fe9c8c883c890977db4ff69595f5900fbabb3f4b737495
docs\crm\CRM_LEAD_STATES.md,594,41acb29e8ca7e143b9356d9e5b4fa0297f61a9c264bba0dc23ee47007285a65b
docs\crm\CRM_LEAD_TRANSITIONS.md,536,f5dcd8c819d778481da676d30913867ef8aa0cae85472ed7d3506e1b8f33d81a
docs\crm\CRM_SOURCES.md,318,7b58552756140fb83948225941fcbd75bcfc03d3c7bd7580add8ae652b1e8939
docs\crm\CRM_WEBHOOKS.md,462,ffcb93d33bce83156f659c51c6530238750971a04136de9cef547be9e8127de6
docs\crm\lost,0,e3b0c44298fc1c149afbf4c8996fb92427ae41e4649b934ca495991b7852b855
docs\crm\new,0,e3b0c44298fc1c149afbf4c8996fb92427ae41e4649b934ca495991b7852b855
docs\crm\qualified,0,e3b0c44298fc1c149afbf4c8996fb92427ae41e4649b934ca495991b7852b855
docs\db\schema_v1.sql,4320,5be584cbe99ef9c91d48d8263e4a48c451becafcc23dd34d4828842dd4591655
docs\investor\INVESTOR_MEMO.md,188,404b2244ee08a6ff12a5e1c3473ca0d793f763344e2dcec4dcdfc891702d7ab8
docs\investor\INVESTOR_OUTREACH_EMAIL.md,399,46f3d300304103ce44e53b60965ea7f8113e7f21ee43010757291c99bde20820
docs\investor\PITCH_DECK_OUTLINE.md,177,42920efd8d04c62bc031e7d6925ae4aed31d041006aa00eef8806302f864b929
docs\investor\ROADMAP_6_MONTHS.md,155,c27900ea159ca381771f5a79078c548ff388eafe7d3e60cbceaf48a4756b40e0
docs\owner\OWNER_AUDIT_LOG.md,402,c3a4e200460d89148472772679d1e067cb304208eeacd35eaf3871f8bc5fa7a7
docs\owner\OWNER_PERMISSIONS.md,683,c7fa10b12a49086b47d651af9d011c1b9ee00e80b6a3670299469aaeb1b0454d
docs\owner\OWNER_ROLES.md,562,c96fc1cf9fa290a3e215b4b156adef13dd7b1ac59b84ad5d27c812cfc329c5f2
docs\owner\OWNER_UX_FLOW.md,521,30fa6e1c950bcdc9f6870e7204d4a0f030d3a9d91c4028a6bfb2498db1918bd4
docs\payments\PAYMENTS_BOOKING_MAPPING.md,963,cc7dbc017803ca494ef4fb1c4dff21f753fd52b0ed12b3517b32e5bd1f6b6c13
docs\payments\PAYMENTS_INTEGRATION_GUIDE.md,1658,310c814a96796ae367647277ec2c391d1a19c5e9b8442f23b6d02d208daa849d
docs\payments\PAYMENTS_RACE_CONDITIONS.md,713,8f28b6d048227d8aa3060e6ac51083ebaea06f669669d05f2dff2600e982b4a2
docs\payments\PAYMENTS_RETRY_POLICY.md,824,3670f4360933c15bda54bb9c53b0596cf47f782edf346e1fe4376581c3f2d761
docs\payments\PAYMENT_FLOW_BINDING.md,7838,f462dd85274047f3867bcedf86fc3a050b67d3d0e278546abe455535ca172404
docs\payments\PROVIDER_REQUIREMENTS.md,5152,272afcb7620d322af306eb7965bfa95437c357a6b8bb0ef5f9a38e5ebad68248
docs\payments_automation\FEATURE_FLAGS.md,290,e5bda81f42f72741a62437411d42261a301b085ebfd0ef8afb8eb9896bd35625
docs\payments_automation\MIGRATION_PLAN.md,480,05a59426c0c3f3471b74d8e0b9e59a439b98d1f2fb129728e357cff5f1c76a51
docs\payments_automation\PROVIDER_EVAL_TABLE.md,664,8ab56292d71baf0d1b89b20ff0791bca17bfb9953911e1a1b892db90cf3f5d70
docs\payments_provider\PROVIDER_DECISION_LOG.md,253,9a9d13937246812a31dc9ac8641cbc5e9d64eb2d6e047728b9272a2bc8a1bbf2
docs\payments_provider\REAL_PAYMENTS_ENABLED.md,256,9dc3e9bdfe5c9762ede3eb46b3f4601e6bd77433977ab69f94da58cb65e567f2
docs\payments_provider\SANDBOX_MODE.md,399,b5ddc65305fbfdfee19068653c12aeaff9155b6f537fdadf08a7933d7254400f
docs\payments_provider\SELECTED_PROVIDER.md,251,9f57fe963b1a534b61d726528b4f96ba3ad61a9883c7e539ead7d8d97d2bbadd
docs\payments_unfreeze\PAYMENT_FAILURE_MATRIX.md,554,99cb906d1005cdf6c1b62954a876841dbc5257f00e5a7d14e1f692d5f4c5b51a
docs\payments_unfreeze\PAYMENT_FLOW_SEQUENCE.md,521,01dfe977a1b92b3f2089d182c831a140af4c89930e2b467f4d83b3e717c65c03
docs\payments_unfreeze\PAYMENT_SECURITY_MODEL.md,399,e568b86c32ab1ecb6f4915795a9109c273f9006cb9fde31af735e1d4f8e2217d
docs\payments_unfreeze\PROVIDER_EVALUATION.md,454,edf9e2a55697e764815b7c96f318a4d28880c4525a4589cc4130f61c10ef2e98
docs\payments_unfreeze\PROVIDER_REQUIREMENTS.md,667,ee548facf53cc4ce1a18ee73b8a1d23b69accf4a1f4040e1f4cf964b0ae0b0a2
docs\payments_unfreeze\REFUNDS_POLICY.md,411,e5d204fcb59d6b74fe1ebe402f97e72549b4147d5b824cb3e7ae6c594b28c473
docs\payments_unfreeze\UNFREEZE_CHECKLIST.md,470,d642d1d739129616d5917513b728cd9b1491b0da3ccb946d97c76a2aaccc2042
docs\prod\ALL_TASKS_AUTO_REPORT.md,1225,8baabf8b7860377e906d3f37f2c09deedc84cd3aab8b766bc4125016203611c5
docs\prod\BACKUP_PSP_SELECTED.md,66,3ca6d4ffb6ad59689c74790a575591f41007152d5ec9e63607d3fea4b02b1ebf
docs\prod\BACKUP_RECOVERY_STRATEGY.md,83,5c8ea45770ca6b0acc9d4268e2d92002b47b8c14161e87f1a08243473035707a
docs\prod\BOOKING_LOCK_RULES.md,132,c1211753ed7e894a8b5481496bf233beebefb298a0240d41c83a6abcc93816fb
docs\prod\BOT_PILOT_HYBRID_REPORT_v1.md,2450,c648e3befda77975a8a85a260f22757d643557ac0a6d705a73c0a128d5804ded
docs\prod\DEMO_SCRIPT.md,258,fd029c9cf5c37b0ee76d7ec619a8da59486c6b1fc67744ad30d1c17da17dbb68
docs\prod\FULL_AUTO_MASTER_REPORT.md,1039,771bfa016bd161922d259fa37c3a775d7b2624a9d0d9b7cd110c9f1429019dd5
docs\prod\GO_NO_GO_CRITERIA.md,102,64fcf34595d4cd31bf141ae1bb2c7224e29e3b365598d873153ccb9e6f5c674a
docs\prod\GTM_FULL_AUTO_REPORT.md,344,d47a2503dde9dcd94c515201695d3fe3dff73485462ae9161d6fa7f2c85f8ff0
docs\prod\INCIDENT_PLAYBOOK.md,105,1a859bc6a2052835aae4d0f738422abbcd0b0486a9711cfcd0717fd7d349536e
docs\prod\LAUNCH_DAY_RUNBOOK.md,79,c9e91bc56f493014b498e656a5b460213f337fbc23c6956b074ea6d26bda5fba
docs\prod\NEXT_PHASE_REPORT.md,930,0beabca0e585ad9f1298e43a11237d4763a1ee38d781d6fb07fdfde00c6f6d42
docs\prod\ODOO_PUBLIC_FLOW_STUB_V0_REPORT.md,281,82a07b2cd311acdbffd7fa5be43954854c95c717200edeca217a6c72a89dcab7
docs\prod\OPS_OBSERVABILITY_CANON.md,114,9937911e22cbc41b7fa6f88851d0b1c2f0e3ebb5262ca94b63146f57516c1e02
docs\prod\PAYMENTS_AUDIT.md,132,6979661ab2fd401421e6b4e140e3b2af76a21d8a99f1c0c7b2413d29670e1684
docs\prod\PAYMENTS_CONTRACT.md,197,ae5196bc94c109df5468443bf29c43671b77db8e341daa71da1112beace44e67
docs\prod\PAYMENTS_PROD_CHECKLIST.md,649,406326eaee663bab03d71f981767c4ea8a960d11e4c54b70d3bc4febf9d75b1d
docs\prod\PAYMENT_BOOKING_LINK.md,130,e08a852a1b6498410875162083f65d9c49bebebace694023a9cdb68229d62491
docs\prod\PILOT_LAUNCH_PLAN.md,97,d1932577cc4141aac6d3621dfa880ab57585c03948de5976904fd211c31bf5ea
docs\prod\PITCH_DECK_OUTLINE.md,83,40f5383a98488ab7b8351534fb7588ab4394fc0bd9c614bc354afe65b5448b70
docs\prod\PSP_CONTACT_EMAIL.md,129,1e1074f483d0c650787b6a6e67740ad900e7db9876f4f0c040352ab62b80e6fe
docs\prod\PSP_CONTRACT_PREP.md,709,acd0f10f6bb847a02c313e11afe328ad94a169351b84d8d390718031a6a1c827
docs\prod\PSP_EMAIL_SENT_LOG.md,263,32b5029e1f4c0810593643a61691d476ab2c3460d0f8ecd3872931772e869e45
docs\prod\PSP_EVAL_MATRIX.md,129,1be07014b836ec74361739de6b17b148fc460ce2a3e4eac28951ca27eab396be
docs\prod\PSP_PROVIDER_REQUIREMENTS.md,122,b5879bafe5fecc3857c8ca65b759152eba1cf81160a5a5f612816ddd0fb922d8
docs\prod\PSP_SHORTLIST.md,79,9006056aafd5e8fbf87e5782ca72a298993ac977422e4b010bf2b351bc6dac32
docs\prod\PSP_WAIT_MODE.md,257,b042609cdd8e4c5c53db122caa8899eb855a0bf00d1ed39f09ecbf612f04bd67
docs\prod\REAL_EXECUTION_REPORT.md,180,27357de8f6dd04b8882f5604675242d4a522b55f5be427f76530afb880d1292e
docs\prod\REFUND_POLICY.md,118,f83f3eb2c342259839b3fed4897da30c8a4b92b3cd8afd2831d352698c3043e2
docs\prod\REPORTING_CONTRACT_v1.md,99,032ea48e862ff13858758d7caa11fa90cee1eff8ea1c75c05da13372ea46e4ee
docs\prod\SALES_PARTNERSHIP_PLAYBOOK.md,63,1cf850d84e63267f046a478fe2c576213936c123112be3e0428618a8dead64ab
docs\prod\SANDBOX_PREP.md,103,326a8ef502ee733e2219413d2411d74929451dbecea40dc9ef0fdfcbb687f3e1
docs\prod\SOFT_LAUNCH_CHECKLIST.md,114,ea562f71fa9c7c2e7c6325ee746ff684b0c6c3d8d930791e06022664372249dc
docs\prod\TERMS_PAYMENTS_DRAFT.md,90,280cc77673bd13d37b77eeb695b4544ddeed1c6f08cfdec91af0bbcdd320ebc6
docs\prod\UI_CABINET_UX.md,71,073f5928b1b034c9d79d9f06d623cd2fc674b120a3718c41fb4e7088723f254d
docs\prod\UI_EDGE_CASES.md,84,7f811738659c24783c1482687631632351d6e3cb4ca7984e64530470b2e4346c
docs\prod\UI_PUBLIC_BOOKING_FLOW.md,91,6c70313196626ecbdbbb3ea140642b8e1b2708304a0f159c643fd5ee06546a95
docs\prod\WEBHOOK_ABSTRACT.md,116,ce94978599b2ff258717f5ea442698af0391d51821306cdc3ccdad296c42ac53
docs\release\AUDIT_CHECKLIST_v1.md,606,3f7cf93ff1bc47be07737e329e6bfcc5e634b24429b9528e4934f49de826f32f
docs\release\DEPLOY_PLAYBOOK_v1.md,198,3175b01e9a232fa0853dfcd2b4be6482ab090a6d3a7e119163f84564c23922d6
docs\release\FILES_MANIFEST_v1.md,513,583ef04fcff08f2ff4e7d0e564c19be59c9399912e53c785bdd481358a5878aa
docs\release\RELEASE_STATUS.md,886,7223c6e8e51f0fa5ab4f21280fe61b9abac763f79849e5093d9b73152b091bf9
docs\release\RELEASE_SUMMARY_v1.md,2479,f5eecb58ffcf953e1687985c284ab801cef12a27a03a11c420a1b9ab46c0fbc0
docs\sales\3_DEMO_SCHEDULES.md,167,587d5e5814ef9080614a958b2fda33e0998881741a68af54912becf592ff4a8e
docs\sales\BATCH_EMAILS_READY.md,9412,1fc03e791276b359e44f5a8bb94177245aed1f530aa005f7fa1b57ed0519eba7
docs\sales\OUTREACH_EMAIL_TEMPLATE.md,456,c728642116684c2b1321178b39c01786aadaccdb841860c6e85e78eeb5bc4996
docs\sales\OUTREACH_TRACKER.csv,1390,b7509f6b0e18b707e8d1f01329b259a095ac80c8095c194de9465850c741167c
docs\sales\SALES_PLAYBOOK.md,202,8fa987306b59d5f199ae2a9dbd725330aa7d9dfc8cca4ad9740064c90eb51ede
docs\sdk\totem-sdk.iife.js,1680,935356a0b346e4d547902ffc6614dc09454234bbe86f51631934e038516ef9ea
docs\sdk\totem-sdk.js,2124,f58ac818f9f298ef0b0dc94a0e4e4b51de400b7fecfe322fdd5f6e51f8aa84a1
docs\system\NOTIFICATIONS.md,919,0d1d54105dfc50a7596d36d1c0b1600c967361a4d65c9c89165d339c2feeaae2
docs\system\OPS_INCIDENTS.md,451,a2840d4a242629363ee04a6325a8bc12cad38e5c9bf3dac1c82614ee96ee22ba
docs\system\PERFORMANCE_SCALE.md,543,850ff35c6cdf16f84a63fb1e2c69cb3a4b20a291312fd7f4bbd88671d05b0009
docs\system\REPORTING_ANALYTICS.md,612,71943edfe02aa060f1dbc613ed535abaec88b7c31acf49a470e4fbd4afb9c1dc
docs\system\SECURITY_ACCESS.md,643,2e6e71481a39d3cf54b42fc2339684d37b20d9d3da503671321ca127c0656cfc
docs\system\SYSTEM_CHECKLIST.md,451,a2840d4a242629363ee04a6325a8bc12cad38e5c9bf3dac1c82614ee96ee22ba
docs\ui\API_WIRES.md,5073,26c13c53ea471b13c8c6768c8b2eaacf8c541994605c82e7bcf40644a7ac20a9
docs\ui\AUTH_FLOW.md,3504,c5a5df309365e4a95f3f3855d4fcfbdb9c0a11a5d901fc562a87d7d61c85be1f
docs\ui\INTEGRATION_CONTRACT.md,5234,fb988cc5674ac9a6b650a803cb45a89f0efb151d32e4cec2d6a6952033cf7d78
docs\ui\PAGES_STRUCTURE.md,1289,87727dc9b6a780010f466abcbd94c2a3302b43431122944377a5fa1232545ead
docs\ui\UI_FREEZE.md,2697,9cc893bfd3dee967729641cddcd5f17be64ce62a2ce08de57d92baaa6268a63f
docs\webhooks\WEBHOOKS_AUDIT_LOG.md,460,03125509a391c9dfd80179e64d0caa43e5b9b40049e74cda041d8c404a567d39
docs\webhooks\WEBHOOKS_CONTRACT.md,864,50c6deb7f8eb36c6e61574b86ad96c2d315a7c574d671d450cb4f963fd45b5d0
docs\webhooks\WEBHOOKS_RETRY_POLICY.md,470,68eb51b0c05d88bac70d37c946ccc589509beec026ced8ebce7a6e152764f168
docs\webhooks\WEBHOOKS_SECURITY.md,584,27713222d8a7b26a560fba4e9a460d29eb270b45d35fe72c2dd18c18b81bf24b
docs\widget\iframe.html,746,1b146a8b97c4ee879025877cb2b0a3da62c002506003ac39ea81f6f62b9221a2
docs\widget\totem-widget.iife.js,6563,1917ec7917411c51799a8270f44ac2e4d8454a7fb7242ff9bd8d03975e3ec0e4
docs\widget\totem-widget.js,2450,cca7b7764f46107e0b7ece89de379d506ad222788e4ae3eb618185150a120f49
dumps\binding_apply_report_20260208_003522.json,150,b1219c32097657e9361eba96f7faef4107e2aad1ca4d042e46824ccca8c9948f
dumps\binding_backup_20260208_003522.json,1588,ef818a8ce218b6993ee6777b3d7aac39da6d56f9045d1eb6fbeb19682df8a7ec
dumps\custom_code_head_backup_20260208_001844.json,5240,85df11d7f2154d7c307295cdc7793b3c627aa69199c9513cc8dd1f1d23a83ed4
dumps\custom_code_head_dump.json,1678,e30b3c3e81efd2774353184751437b29a7cbf4d5045177f89bee23dcfbea85c4
dumps\FUNCTIONAL_FREEZE_WIDGET_RELEASE_CANDIDATE.md,4714,c745c95e56bbacef0d98abc8542538759874b38d0e66ea68c2019372e0139669
dumps\INSPECTION_BOOKING_SCOPE.md,2767,802f425dc80ffcb4429d02d72f489e8b47b3ca16f0554e8074c51ef722f67ee4
dumps\navigation_create_report_20260208_002945.json,675,1664032d0e0fcef07ab5fc874f8c7d989e294ed805ce7a6e0cc8891c9a9c33b6
dumps\navigation_create_report_20260210_024534.json,675,283e1c272247a09d30ae89dbe1c166190e0538f22555c82ef498ed72aefec0bb
dumps\owner_guard_backup_20260208_005720.json,3376,1c4a3169be14893552acab03685302e0448fbd3726b83d14e198850b50c39e9c
dumps\owner_guard_report_20260208_005720.json,150,e5a1d0f49c5d8d28c574f47b187c894fe4f3a4fdcd13d341402b320bee5a83dd
dumps\pages_create_report_20260208_002311.json,551,bca3e755f4dffb17c68ded8508bf0bd5efdccfcbd47f044246cc2de25caa8b6c
dumps\pages_dump.json,49464,989daa89462a2e24da0b83aa4b18c97d2f014cac180c890d01ab2cd84576d9ab
dumps\polish_ui_backup_20260208_010317.json,4575,6822e49006757ab391a81db329967d044f36d40345cc92a3b08297900e547bde
dumps\polish_ui_report_20260208_010317.json,150,1fef8d461ee0eae867c0d1fcbc0244944a432d98ea13f36f945a742f4f431c07
dumps\verify_ui_v2_report_20260208_005232.json,1482,f0d0e683e2802b404b29705b7fdd97b38ce69cddb81f3d217b6a9db0d0c4530f
dumps\2026-02-06_WIDGET_RC\BACKEND_WIDGET_CONTRACT.md,1325,9f2b6afa73de2872f4b5c648c8ed64851e8d4321e327df4de778b5167cafb93a
dumps\2026-02-06_WIDGET_RC\BACKUP_MANIFEST.md,399,2f5db2efd714b379ebcf9780eeca989a052687295ff48c4082bf46a1a23b415b
dumps\2026-02-06_WIDGET_RC\install_js_bootstrap_v6_8_2_fix_book.py,6380,74d5667e0ba4b5625c9b01f1bc0931959f9291ee71c71742c06b9aed46b26aac
dumps\FP_DOCS_DUMP\dump.jsonl,1584394,6e6d17a786d339473d78531a90a2f2e98f5b65af121159c310baf686b5567212
dumps\FP_DOCS_DUMP\dump.md,1484099,42446b91e33fb55820de0412b016ebdca9d2468e276b85b11d63fae9c70a3b67
dumps\FP_DOCS_DUMP\fp_docs_dump.py,9497,e507c8ab7ea0f7652b53c12c16de43c95d37ebf266909a2d3d2dbabeb78f0b36
dumps\FP_DOCS_DUMP\index.csv,24342,79e4ed8d0641b01d714e05040561705343a8477191a165d4587dff185346fa7a
dumps\FP_DOCS_DUMP\MANIFEST.json,394,939f4e2d407121acf76accf7b3d36dda81b83e7e5d877cee1df01c74d2dd75cd
dumps\FREEZE_FRONTEND_20260208_011043\AUDIT_README.txt,542,c0d5db56d9c573a0b644e9ec050cec1b37700037c8943cc28da2e3dff5bb5fdb
dumps\FREEZE_FRONTEND_20260208_011043\backend_resolve.json,251,a04324b375556729da691f73ba4211007516d9f93e9a8826dae7a342554352f4
dumps\FREEZE_FRONTEND_20260208_011043\custom_code_head.json,6966,95f0b29526633187a844a513f8a5461d01689bf316ab85d44e425897129847b7
dumps\FREEZE_FRONTEND_20260208_011043\MANIFEST.json,1449,5e3dcbd2e0805822795f1bde826fe8a6a03a137a430239cbc878d75c5c686ac4
dumps\FREEZE_FRONTEND_20260208_011043\menus.json,1093,94dea6798da7bd1c89204a450dbbe97fbef5b39b24225f3073971b132f8c1a48
dumps\FREEZE_FRONTEND_20260208_011043\pages.json,1712,86edf33fdc6c625818854363d33ed8235b5a0965552b9006c2b12c462859e6c5
dumps\FREEZE_FRONTEND_20260208_011043\views.json,2802,347b59317db4b51538000bf93a8576e5e6972de2d7073587d16e454c122772e9
exports\invoice_payout_match.csv,76,f4bb9474ef1215c33b9b65033bafd3a7718adf2c790f300231f0135742402b49
exports\payoutsCsv.js,1444,a30b9b63101bafa91351290b358555a2e5cbdaaa063d8b7445f8ced70c69a073
exports\revenue_period.csv,34,1b8bc44e9209b65dfa6caaf15ef57e84c0b3606863e038ac647ed1cb8589df4d
exports\wallet_period.csv,143,8cadb2164bba451e6577160d55d0884ec46d50a78a5e4de1a96e6f0c0d45ceee
front\index.html,2332,ca793e3190f63fc956dd7ccec18cea6bc93918c4fc7328a3e72ebb8675d9e713
frontend\pages\bootstrap_pages_final.py,4864,4ad57824ce87ba3826da4b18581e46c312deede13b7100b6bdfec363cc7fdcce
frontend\pages\bootstrap_pages_live.py,4473,c4a7c7b39a8e915d177544c6572753e6c7cdf626c82311edc3b7d79f661ac7b9
frontend\pages\odoo_create_webhook_automation.py,5337,917222de8cbb1c4f845ca70fb4a016e9bae202381c434c34ff39428d0f6ac761
frontend\pages\run_pages.cmd,0,e3b0c44298fc1c149afbf4c8996fb92427ae41e4649b934ca495991b7852b855
frontend\pages\server_action_webhook.py,1873,98033156faec121c3d5c9f0aea6b4fdd493b49b746eb4762a2eb96dd4641181d
frontend\pages\test_crm_connection.py,2128,bff4c6d9124f61b31da1643f5d6de9b88e9f4e199d2e329772c3448f92c869eb
frontend\pages\test_crm_connection_FINAL.py,1883,e53c1c9e79537b68d8e6aa04e080d4ececafac197e78d094ae4f729554667986
frontend\pages\test_crm_connection_saasonly.py,1899,4fab9dcf31794244c472df00889d5d851e8eb4aee3b9a653dd41b31e57bb82f4
frontend\pages\_bootstrap_pages.py,4547,a231da9165b5bcb63380af760b50740f4bdc952f8a5ae26ccc284a917187a265
helpers\updateBookingStatus.js,1943,93c32262f0f7fd8caa2857e00fb2b5b3511afb3107aa0ff3da09670ff3c9e2c5
jobs\autoClosePeriods.js,1666,cd8d089e6bd2c9e99e072265bb779d9abc4515c7228e5ab55fefabca7ea65150
jobs\autoHealingHints.js,1268,634298ec0b07b1cf766ebe641a754e5af28907e59ed52655cc9b11c1c6ee891e
jobs\autoSettlement.js,4234,b0a01fb139457d563b50cc60c6e34ec66e70a41a1b00863b8a33f94b9508ab93
jobs\backfillPayouts.js,2834,7ac98d38ee1046f86e1921ce98965555a4b0c6dca2ab3308bc4de64f131d6928
jobs\dataDisciplineCheck.js,1475,b83fc2fa7e0c98d584633fdbcf572f29d65e752e4eddc51cfad757fd0ef32954
jobs\detectLockedPayouts.js,1346,404553fcb982fbad94d9178ab16abd590021fa18ad9ff891000bec2236e751f0
jobs\detectReconcileMismatch.js,1736,2d36046827587598ad3a205ba90a0899fbd5ab5c6938f72d0a1b64afd40518be
jobs\detectWebhookFailures.js,550,ac140d685abd0c578482d68f4b3e60d63d82045870ceb3450b080e3bd92cbd53
jobs\metrics.js,302,87060e730dbac92edea23742d7a582162f10155b44f3f45484fee2a831ecfb3b
jobs\payoutConsistencyCheck.js,2067,c6a131243748bdf00feb8e174d70b5e91201d8742f8af9e988aabe11fbc7c4b8
jobs\queueWorker.js,1744,0cea4a89561e9b4adeb5d5e46668caafaaf6b558308a1577bf5c1b8b081a3f9a
jobs\retention.js,1245,ecd56494723961672e1ee3f897daf5d4807a34e6ff035e565f60f7235f79c0e3
jobs\scheduler.js,775,72bc0a73c41bd4b4b904e803a2b32d86d4e5057b8f496052ce709bf7dd955164
jobs\settlements.js,1574,c875531c75262673fa0794b8468434b7f040f2b1d8e429b9c133d8e90f447947
lib\db.js,475,5424b0279b4a4c5554df0b02b5322ecb5ac6a2ec65e21195b8876c644073b9e7
lib\overlap.js,637,7822aa82e23e8d5ecf01b21ee744514bccb1c9f3f7494e80fe74a0f405752ba3
logs\logger.js,477,8a1bdbbd15f8d33d432e64b961d5a3f2f3a360806855d42c8f1302f2cff8563e
middleware\abuseGuard.js,1426,ff79eea6dcc95a240ea8e632969b35f6ac14e8599049bdf84dcf35609800ba34
middleware\acl.js,1988,844eaabdf603bbdd9cc378cc1ed292e1a5ce35d3917506f0c93f554a1bdf256c
middleware\alerts.js,869,3335da0f8142bd0f48e165208d82287a3aa1881bf3dea9d3837f44c917081518
middleware\anti_bypass.js,1115,9bcf60a33fb71cc0015158b78f72073dd55bf30931249bfb0a9cd231ea1707c7
middleware\anti_bypass_public.js,1286,4cc8206590b0d2d395f0487a4db8c2c72d18320c057768fbc55a6a1df773745a
middleware\api_guard.js,1581,a63ba80c4c766fde0df150769a5d3f5853d9308db619742b8dc6e7c4c07e68c5
middleware\auth_owner.js,1786,f759cd47198941f86fb82bb3704b8cfd48fef0b77083b18aa1da359e16011177
middleware\auth_owner_BACKUP.js,938,250f09f7a6894378239f2e73b39250ae7285e204cdd55a5422065c1ef72abe6a
middleware\contractAssert.js,697,6ed2c970223d4436ed8bf02e73ef1291c9d59d1b253c14fda1abb93fb53243c6
middleware\contractLifecycle.js,1334,60067943827cfa2bc9da43d84ed3d3f9a8225c7b619ddad172fd96ce3c07d185
middleware\cors.js,1106,5f4ae1503074692ee66f3704b8d41e0f19e7a4ab6c13b021d7010dd56c86aabb
middleware\guard.js,519,752795b5487ceb6aeb2cf681d7945b03ddf4095759cb91146e1d3a4e1b1bad03
middleware\idempotency.js,430,baec9df14a16c0ec157a8cfa3a4d439352b3b45591492e6929d81c06b7da588b
middleware\idempotency.js.bak,462,c6edcfbc40bcdd975102d33ce94e70ca7c7d1e4e97029529b78045ef74b6331e
middleware\ipGuard.js,1185,66e3dfec75974f26be334c431166a9850f8c1ae77e87411938426e93c9a117df
middleware\logger.js,3210,13aeb163cfa0dca23bebc3d97e507147eeb5f9a655e7e8b844eb1d005af0b625
middleware\metrics.js,767,9c4f3424a6903fcb94cedbdd61c10ee12cb68093f3140ea064752eddad9d17b2
middleware\monetizationGuard.js,3544,6718636b8b588e30fae14586220c631fc5f00b91e1d85a8a6357aee8cd1f03fb
middleware\owner_only.js,287,6daf9428da7fdb14c6058a8113db452ca6393f9407e9745833b214e45d882e57
middleware\publicTokenAuth.js,3315,b9e9b50bda1318379453d2be177254d4ca2db4b544393df370780a9d56d6d3a0
middleware\rateLimit.js,3498,1b7aff5f1f05b6c30467b71dd5d8cff89d441c75915b31f2bad3af334a1012e1
middleware\rate_limit.js,958,37dc5a596b00c441a7421db1d841f28995afa2eeac27c8a51dd15a5f547ae054
middleware\requestId.js,637,1cd318b7af61dfbef620f120846aa0c0c058b76f444380ad14c9852dad0c9361
middleware\request_context.js,726,e55ccd4b00073918de56ed60f52eb3282c2c8f5d60904d8b3e02879191d67161
middleware\requireActiveSalon.js,709,b8cf4528f648c4c64321da16902ee67e6e6683456d8aefcae02d2ab194492b07
middleware\requireMaster.js,570,fcac51eaa11872d27adf911a71fd308b073a9985df27ffb6dab47aac2e1066ef
middleware\requireOwner.js,1164,fdc2d9c4cc670c6b3a3d17754ef326cb9b01f657e570bdc690947fe90104fd27
middleware\slot_flood.js,1163,7cac497c2b3282b33e591d78dd3c784193caa44a4fc8f3ce98d957f076c9b27a
middleware\system_owner_guard.js,594,1f9eaa982888442339c9a5e12274162e1810f6487a82e61bf51fcf391a6a3c04
middleware\tenant.js,1826,78da6dc4132c11a565fa696a575abd3e523c38ff61bb04475932b6564c264be5
middleware\tenantRateLimit.js,723,a88a5f7c1880966f274d00e609547e2732aa342997dfc9b2c56706e306380421
middlewares\publicToken.js,1222,2e0468f80329f78181f4bb78b2c927e3f7d2789b29ad20e6d9ad28a189c061e0
middlewares\rateLimitPublic.js,2720,0ff29799177dcd59fc22663dd650a4687b0e366093d2e913dec3fbbd759ee2e7
middlewares\systemAuth.js,293,a3244cc2eaebe98c087ec5e88adb2336e6f2c7ac685c7a5190402fde58c77c97
migrations\019_create_payouts.js,2456,7693520cf52b6d72de62ab2ae2cc9fa9ad7d872bf35df69dd044785703b5c5a8
migrations\020_create_settlement_rules.js,1871,9a4c8c35400d317a8b24d82af5869e526b9a644da199c8a38e7b3a3d97762acc
migrations\022_create_refunds.js,1526,300482fe5f09da049a2f8e0cce27895673343c02768344cf2ce9d83e683db7a1
migrations\2026-02-01__create_salon_master_services.sql,1411,ed7f95d322bf5d9e36ffd19b52f0c0d06e2eaa3a393176420e50521f75dad422
migrations\2026_01_25_add_booking_status.sql,494,e50aa9b7bae2f0d9f397ccab57bd56b162c1646f9b376307be736bf28b6d79fd
migrations\2026_01_29_booking_audit.sql,615,3eb1d58742a89263d8ee32aebec45f7b55c12f48c9a351f3a708a597f0ba01a8
migrations\2026_02_02_sms_single_active.sql,306,fd916b51ad4273323364d5e9d665d3881972c2cac0b29dc3c347eb0c324120cf
migrations\2026_02_06_create_payments.sql,633,e29a4febf112885651ae0f52a858e0638996194e35e37a1a777345c8ea970ce6
migrations\2026_02_06_create_payment_events.sql,365,48ccc85e2820adc468a51c6d06014a4d46a4f1cb9b9a3e6d0c3207c89226faa1
migrations\2026_02_07_fix_master_salon.sql,1124,408aee94c515645edef0f4a6b2c50c145d946f0aad62baa6d3bc4becdb59e39b
migrations\create_async_queue_v1.sql,722,7f1599f77f9c3878bfdb717ad7da7886795226bfad87c2187b3d493be5e89f9c
migrations\migrate_marketplace_bookings.js,614,a722033b2504cedd5e80479fb6bd7556e35f629c8f27e60498b42b379db4c19e
migrations\migrate_marketplace_salons.js,678,c979235c33f7ef4162d5229e725ee405d5b48899d77c2e2bf6af00223701a76c
migrations\reset_marketplace_core.js,1522,33e7616f3b58fcc82f7ed903da683d262de6060046258192622fa767a7b80177
public\booking.html,1240,6e325d75d7da93e50cb6ab17b73ac1a78b657a64b0dbd2389fa98d696f4e74fb
public\index.html,448,e59f3964e75c00e496b2dd584a1cb727497a2ed4055c005f2873e7b0cb18555f
public\widget.js,5491,8d0b6b385244ddd2c7b4599413f621774ea800f52c283d75555d9204dfc8d202
public\widget.js.bak,4360,5324c1df05975b4d7d91158f025314454e3b957a530281fcc4819874f8669959
public\sdk\test_sdk.mjs,615,956f66cd20e8570c21e4a4c0f321ca573deff5a6cc24e404d46c29030c3d7350
public\sdk\totem-sdk.js,2124,f58ac818f9f298ef0b0dc94a0e4e4b51de400b7fecfe322fdd5f6e51f8aa84a1
public\widget\demo.html,496,552b487b848753233efe941214ebcbbf336cd6ff69a43cddd896ea265a132253
public\widget\totem-widget.js,2450,cca7b7764f46107e0b7ece89de379d506ad222788e4ae3eb618185150a120f49
public_static\widget.js,4360,5324c1df05975b4d7d91158f025314454e3b957a530281fcc4819874f8669959
reports\CONTROL_PLANE_AUTO_20260209_100953.md,1775,33e8f123f850ae12ce6d57f3411c43e83a63fe9a32274e530a3c9707b5029e78
reports\CONTROL_PLANE_AUTO_20260209_101250.md,6637,75fb71dc4f539ea974e348546bc9b6729d1d9f17fa7ea01f19687c551f2eb4be
reports\index.js,4636,7f579f97cd4d5cc8e0fca265c0a27369ca39c10edc8199b7129a0a66b8d1ce78
reports\ONBOARDING_AUTO_20260209_093455.md,1070,648d127347b275c3fe4f22735d42264d805aaf6d777da01867c130c0a6355ec9
reports\ONBOARDING_AUTO_20260209_094257.md,457,77290a30d4459eadd98fd23f6590c8f0c3d450586a6b03b180b5bcbf289fedf3
reports\ONBOARDING_AUTO_20260209_094736.md,1797,2a7a6333bb19474bc6896fdcb6eb5e9319e61c4a0b306ac8c4031edde46b2d5d
reports\ONBOARDING_AUTO_20260209_094938.md,4441,fe6e6781d5fd51ccc5fb69a49d6361b20127a7349f84b5fa483e46a4633124d3
reports\ONBOARDING_AUTO_20260209_095352.md,3312,0485916e2b9c84a089f392ddb64b7a47d683affa22cae40801e1180550b7c568
reports\PAYMENTS_CORE_DOCS_REPORT_20260210_134312.md,372,c099c526a8c9a1a4a1b270f1c5b59e82fb84eef23dfbfe9cce040e54d8b29934
reports\PAYMENTS_CORE_FULL_AUTO_REPORT_20260210_140038.md,209,73d7353df2ddafca7cc33141de09845a55fd19a9384c90661ba90d093a24a5c8
reports\PAYMENTS_DOCS_REPORT_20260210_173723.md,203,8d171d792c05b4f33899d84e75e04391ebaee79fdaa5d96c09d0a80a4917d024
reports\PAYMENTS_MONITORING_ALERTS_REPORT_20260210_144018.md,155,4557459a1b106ee578b5a36c44ccf0cdddca2ed8134e62c6ff28a4efcffd50d0
reports\PAYMENTS_OPS_HARDENING_REPORT_20260210_143223.md,251,e2823c1cf44d76512c725bb1a54ae31d7c873ff6bb633fe85a9b5c81135aa12a
reports\PAYMENTS_POST_CORE_FULL_AUTO_REPORT_20260210_141012.md,231,3eba878a0821a78df0d0500082f496a90abe903124e3a85220c42ddf081453e0
reports\report.service.js,1472,4a08b8f80b763c2c8cd299c49526ffef9bdf8e3d2a22c8f2b5557c906dd72ded
reports\ROTATE_TOKEN_PROD_20260209_102810.md,4186,4dc6672ff7430a207f8251f225e20b394143e7a49187d3d430f2dbfac48a1ba8
routes\auth.js,563,b749a8675dd26622b17e9a1e681f2284cc7d0409a266453ad95e4fc44918c1c6
routes\health.js,182,cf7b06fefe22d79808ff41e67f16a7782c772fb671862f2fc7e7ecb1a05b7b92
routes\me.js,738,edaaa851146e923a64226b458ad3d3eb23b81884655f71be799b2bb80d11fc4d
routes\owner.js,197,3087f6da3f664c7c5c6620357d9a73af3bd58593ec1bb4f955523f7ced7cefe9
routes\owner_actions.js,3168,6c99556c0ee749a3e6ce47a7fe59fb30b02eb63a6798050bdbd77fc367f6e5e9
routes\owner_audit.js,1994,ba6f39f67f22e7f0e642f274e466157fb3e14ca0c1a677cd5971e742c6688235
routes\owner_dashboard.js,286,7d259ecc75d602a89f302b76534f5315fe6a4e2ecd1dd5749ddfdffd44caadc2
routes\owner_onboarding_readonly.js,1758,bb926dbe510ba5e72ed9833449eda82dec66b6b754f9ce611cb669a401228a64
routes\owner_onboarding_write.js,1275,3283f459fe80a2e9874b139cbba491af606a611a6ced2c818201573bd7c4b87e
routes\payments_flow.js,2584,aec1b3a3176db8fd00ef0ed9068f710ac9e08894362535c8e1669a16bc55cef9
routes\payments_ops_reconcile_v1.js,296,a842936b344b149e411c6928838b89ee66585aebf99626c1abe190ed8ad7a696
routes\payments_provider_mock.js,177,f3f7ad9509fd3252b030bf9bad93ac82f46bd07a4ae57efd039aab0ed55476b8
routes\payments_reconcile_job.js,110,a993ab7fd5b4bed27bd24fe1fadd3d17faf9493f6f74953db84ba30bb0dbf841
routes\payments_webhook.js,1316,244dfd468f934d544f624bc295445847a8f09040992bbdb6281fd955b1b17bd5
routes\payments_webhook_stub.js,75,5c8d3a48ae995fd4b93fb24d390400827b8248c11b3a237941e7958a83935f60
routes\payout_execution.js,3805,b14396a236d16ccc5ad32ca78feecd9b30b24db891346c64949017cdff10ea14
routes\payout_preview.js,1429,2e8f396bccecbc1426e6230cce676afd7c3c188fc13a083cde0bd519e42b7128
routes\public.js,371,a0617b22f37526f244ca7ed3108c5d64151b8b545aad0486ad16078848fd144a
routes\public_booking.js,2130,4e0b41c477a757df05c33a4c80671e1b5378d1f9fb4cef366c41e8e4ef50b67c
routes\public_payment.js,1919,973f761999984ed5c79a73439b6832912e2637599d824634277474ce14d77776
routes\public_payment_webhook.js,1772,1d7e3ebb5db1084f183c75a006e1959c0c028269d2968219196ce03be58b24d0
routes\public_status.js,2052,f865137533339b8d76a0c79774a98f6f4590c4221fe7afa154b8d9b97181d99c
routes\reconciliation.js,739,b50f3b15f89c49d9418070b203a33ae047d9a48a7b8543aa11a55e78a1d7482b
routes\reports.js,1178,8f7c3c7f1b5d734e8ce406ff424e2dc66b4a5b20ff3c6dac35199cdbb06f79da
routes\settlement_batches.js,1129,7cce73934a7e5ded921b5a16cd0205554cad4f7d9d6ef0288e9216f5f5adab9f
routes\system.js,454,e85c6f9ef281c5281dff08aeaff5a1697d11754328b56bceb2aaa747384f3354
routes\system_close_period.js,1808,8a7b8718d833f7704c05a84744c9d5b44b0998bb944e69ec2af265b7b9e2058a
routes\system_metrics.js,965,9cfbfcdb69a204ab9ea01b481b4d835ceb2211be3f447491449a2e6701c6f5e1
routes\system_onboarding.js,5564,0afdbf30b47fc3460160f791ddfd13bc177b6c60248e0ca59c801165cbf4c402
routes\system_onboarding_identity.js,1110,55d0f0c40471f488a747b3312c648b9ebc41f30dbe5118c5a217c851f63d6cb3
routes\system_payouts.js,3601,ad0b7cbb778241193299f9a0749149468493dcf2daf84962e57e238cca91132d
routes\system_reconciliation.js,1620,c368f7f785b822e595aec715638c9c94a7f58c1e3594c1f00fb958fdba257fd7
routes\system_reconciliation_period.js,2235,9bcd68b758bb4e0e5daa8d68dd3763509031f106a3bb27abf5451388b07b7342
routes\system_settlement.js,3588,4291c804a2f039c20047c8b148d9016b3830139f4ecaabc34aa169b2ef9a6d46
routes\__debug_db_payments.js,1635,4581db5346e52cc6dfb418ccb2608c94611faa309ce2fa0581a9a4ad6f87f25c
routes\__probe_payments.js,1052,00fbea1d0fcaa3416a3cca0fa9205daff5ee3df4295ecfb02eb8e330276d9d56
routes_analytics\analytics.js,1038,2cad46fb6e4521106af83fc438f473b05a735f661b9f297a4773fbe3ed6fe7a4
routes_analytics\cohorts.js,479,32274cc9477bc9da9892c1d80b8ab93f420dbae1393a48fc39c2adc6b008ec16
routes_analytics\export.js,1104,4b247bd88c60c23aed17bcc631610f6bc3c549e768e527196c21790e7d7636c1
routes_analytics\pricing.js,396,f7bad9f3f7c40b27b27246c0ae1e586af4554ec3451982120574c9475ae55cae
routes_bi\preview.js,1921,2c22d62fa8bc3ff3a9bee5482cbdadd55f4434858d6b10ecdd5943cdcd106b91
routes_marketplace\audit.js,820,a23efa611d9249af2373cb9a7dc2f932b151b3313f888dde362d769f95e04b74
routes_marketplace\autoSettlement.js,1117,6909f03eb277b23f49930b3355dff2fa9e877a242e3a01a68d837f970ef1ff30
routes_marketplace\bookingStatus.js,4346,b013550d54bde49236e49daf72a0a54d3af67900ad911165ded232a0d8c29df3
routes_marketplace\maintenance.js,1428,ad507e96378e9b0409957d00694946d3f9d0c25b874b5e7836d14fb74b7aea47
routes_marketplace\marketplace_booking_create.js,1622,4dfff6e689002a65918f7b5c8529b1c28643634b067f1c5a32824c6387d85368
routes_marketplace\metricsTenants.js,1219,e5be84198416162a18ed9931584988c2571146dc721a0240e5d0e2ed5a3c8e0f
routes_marketplace\payments.js,1361,9799791f9c3fd2e7f22500211a874dd8e2c5e44491d9beb6f2bc44392fd8ed91
routes_marketplace\payouts.js,6217,7e596bca3afb7ebb3763338e4e25512b1b2a6bb3c9b751081b0494655f263578
routes_marketplace\payoutsCreate.js,724,63635467437c506b511c6736cb82ff039269b06b652284815a7495d20c083952
routes_marketplace\publicPaymentsWebhook.js,1644,6f314de5cb688da16ccd2e7515ef812f81aecc1ecd481ee9ffb917079b61d0cd
routes_marketplace\publicRequestProcess.js,4121,bbba3b2fbc6e9e1ec0e4c263fba3caf256ff977264ec96314558138847d24c0c
routes_marketplace\publicRequests.js,2367,f937f87b4de09a3dc1e670e9e838f2c3eb3e83dd018d02bd121cb7349e881ecf
routes_marketplace\publicTokens.js,1863,c7eb307ab428f2f0423983a86c4bdb5433973b46c56600bbf2222eb6dedc3200
routes_marketplace\refunds.js,2190,50c042dccdcdf4e5885a3946e7eefb35e434fe308aed532a18fa6c1649b37e11
routes_marketplace\reports.js,1985,3474442b1b7629a6cffa579b6eb5325b5719d42b96e915647d71f02d05dc6874
routes_marketplace\salon.js,999,b5400cb3df6594e5076f60cd558c7baedf53ba853dee42a1576d412e8e8e38d4
routes_marketplace\settlement.js,2658,73d82b4f7380b884dd53f4408bc4249d80f1b082bb0ac9425cbcbc979219d0b1
routes_marketplace\system_payment_confirm.js,3058,790d384c63d3f70f3be96932ed0606fd10ac3a82332e8e60a20ce573f025ac08
routes_marketplace\system_reports.js,2318,cd20cf83d58a124e21cac82e5643936b6b3eff0ad8461144802b038fd94ab211
routes_marketplace\system_settlement.js,1491,87b4e290e9785e51700f9411594c7b42d3f7338432fc0ba57ddc950952e85403
routes_owner\asyncJobs.js,4813,39669defa39b0a1b3caf5e3bc378f248efb8a31bc1f6682609569592fa73444a
routes_owner\index.js,2410,915b5229829e0cfc6a13573715377d0a0b026a678b0d9c49d042c15de532af19
routes_owner\master_salon.js,3483,27bbeca496f321996f7ebb9a56b2c33f8f402180f33e356bba0c1649ce8b1ac1
routes_owner\owner_reports.routes.js,2306,3b3a9fa3c5d3d8ef8d9d27b7705e6ba5b88aca4587f316f8f4f7dd22320f2afe
routes_public\auth.js,3189,692104c47b9154a73b7510d8e5320452996402a093cf92b6d0092ab1d6edc48f
routes_public\availability.js,2557,2526ef72347a424747a6feecef140603564ec50e91152509e25d7479b71eb4db
routes_public\book.js,3436,d945e6d264144b67f070e9e80c431b6340935695b246c5c6d05c669ef40270d4
routes_public\bookingCancel.js,1107,97f5daa7ba5f4f3c6c0011a4e52222eab8c143d2d213e0346fb5513dc26a392a
routes_public\bookingCreate.js,2752,e85f3f72f689ffe795ec122335bd4cce549c056c1c9554d094551a4c9e9f8858
routes_public\bookingResult.js,1205,f88d7b90efb532b9e84fa2d41c2cb677e5a3950e02ac4930ed4724e033f9917b
routes_public\bookings.js,2823,b03a06800fc38044d6b574dbccacf2302ca0c4123fa0f250ab44f7d7949b73d9
routes_public\bookingStatusRead.js,1090,41f2a08cf5fa83d02edd87bac22141b6439f85b8cdf053b85e33bd60cbbf5a3f
routes_public\index.js,1511,670bba5f0596740ea874cb648795ead55edc21667646c5c9c44dfcb29400683d
routes_public\masters.js,1065,3a7e7c19f369564a624506dbbcdf23f209213393cbdac3321332645223bca3db
routes_public\paymentsIntent.js,1945,aa73ef3d067b1c7d46f3cf6a90e48907a54003da4c548dfb1155b033d9fdcd8d
routes_public\paymentsRead.js,991,6efe4128afa3a58aaba87e5dca4e802041a3c32e7892908e3683d2e9ba3806ce
routes_public\salons.js,1032,a2057c630c1c279ffbef8cd2c11f760c126b08ccc3135201bd41597c25cc54c0
routes_public\sdk.js,3787,2d5578847b352261a3864f34eac7c3cd6af1ea5d4d63b1be369051ce0baac8f9
routes_public\services.js,1144,78cf29f9f0f502b49f920c0f9fe2286ee8a6a3a6be69362585f8ffb9faf0db04
routes_public\widget.js,457,f7648c14f70526738eb14efead03aa7ffeb1ec163e330fc19f173cd3385a2677
routes_system\alerts.js,941,25666c3d137fd4ef57082882f314c8d888c66747ce2f90d05714cde40305930c
routes_system\bookingComplete.js,1687,4b52116b6dc47b2ebd4ea91da3b4b9eeb2945311afe358935fe8014ed211ad4d
routes_system\bookingTimeout.js,1578,71af8217907f505c75037be8bc17eca5657d977a258548ee09572d9d2925f671
routes_system\dataContracts.js,654,52b278f074aa4e2c6b9053a08e6afecb6f51a1e96b815397e7ac774329179717
routes_system\exportBookings.js,1607,fa7ffd0b8154cca408fe5b44e89a359b73e56829b4f2367053685a8e88c35d47
routes_system\health.js,254,3b49bcb74bdc94cdb873eee3ab04a674dadc40c58288b987e548b5dfe8dd6ca3
routes_system\index.js,246,42e6175f8051e635303ad6fe2b9242f177b743f56cb51bd07d57361a73f13320
routes_system\jobs.js,3347,0ec8dbba5da6118f2e285181d064abb745c3bbb9bcca5020f6d620f05d8e9fac
routes_system\monetization.js,1228,0487c0bb3cc2379c7aa0bf20c3799d32892a8b304fc14de2f9c7700198ee9da4
routes_system\opsAlerts.js,2885,161cec585edaa67a2d1374530538e4bf9bd36f704f36051d6375f73f4d56d9d9
routes_system\opsDashboard.js,2125,a08baf747df7c4d8921ac2eadcdd38002035e88ba090aace5a7e2c4895d71765
routes_system\opsExport.js,745,dab4fab330b217a523bf37f5b9cc7f2155594b4067f7d40e49ea178698ca424d
routes_system\paymentsWebhook.js,3136,d7490474c338a76fc0bdfff134468fd30008753db31d851f919acc727cdf8443
routes_system\paymentWebhook.js,3383,a3aae7c8c707d4668efe7f011d1966e32e65cc461ad7b8b60a8c08c73e6bac80
routes_system\payoutConsistency.js,587,81c7485a6581fd30fb684c4547417d20242dc7c2c5f7bb5d9746ee18f100858a
routes_system\payoutFixes.js,1715,64f30712ba279f6a2f8e449ee46887545f0f83969043f6f50c59b4891408ffea
routes_system\payoutSettlement.js,1924,ddec74c97f3a52b530a02e512f2fe7621aad31acbe9da50d3a78880a405497ac
routes_system\payoutsSettle.js,590,0aad235d13796172f861f5fa71b0867be21ae1cd291c0d2049c45e1babe27c5e
routes_system\publicTokens.js,2515,fc0bef08e008309fac75dd883c93cd50e6538f34fa4ec5b3589f7ec5004030dd
sandbox\SANDBOX_REPORT.md,297,c623fb75e7a91c3a790fc9eeb70c83ec53a2c992ffc0ceee0bb7abf41ad993cf
sandbox\sandbox_run.py,2402,631f3407d040981db06b9826a5c65b0e8542391562dadfaf07966e4cbdcb38ef
scripts\apply_data_contract_v2_batch.py,5333,697b063be27a508dfb607da73d6812851c95b5d4b4e1d0f6c9f292b82190624d
scripts\apply_data_contract_v2_force.py,3927,9ffa704227ef3b2b34bcb4a58da06de184176884d21620c550eaac11ecc136ff
scripts\apply_master_salon_fix.js,1440,161686d7a54dc64ca51f67bac0ca15bec0fbd3f15d2b660b8ebffe9ffab86e5e
scripts\apply_owner_guard_v1.py,4267,5b8d6f2087c61a625c7f115254145b70586e02473cb001b4adaee25b6a4dccea
scripts\apply_polish_ui_v1.py,4993,4623e685b40ab806d189a77cbce3f5827fd0b26885a34d35cfaa489ad8d3fb30
scripts\apply_totem_binding_v1.py,4923,9de622d91274823364acef8d5fa0e6788f658435ae43ce4e43b419bb76081590
scripts\apply_totem_bootstrap_v1.py,6307,e8a8d18fecc049fd9ae4a0b8b98d1e68867363ec75d327818109a2c2a6da9c44
scripts\CLEAN_DEFAULT_MENU_ONLY.py,2269,54eadd6a59df9a8a644285018ea6f46afc02d8c419fafdd7aae76a2f7df39f10
scripts\create_totem_navigation_v1.py,4256,32a957fa4d328517c81809503a96e8b244f32c1eab6dc66144a5ebe6f70e6ebc
scripts\create_totem_navigation_v2_FINAL.py,4150,c5048f4d2ad6aeddf10dc04b1ce46efab4a239c20da0dd01aaf012ebc9962c29
scripts\create_totem_pages_v1.py,4034,1cf17b85cda90e2a4926686e8e0124df7349a39371ff8b2b56c48d51d1c4120f
scripts\dry_run_payouts.js,2035,d20b343cb7a2f370099156df9322c805380e9e706a6aa88dfdf57b223ad668c1
scripts\dump_custom_code_head.py,2211,ad31fd60687be57874f4e1c496906ae4da8d51567188a7e7898dabf43358ab8a
scripts\dump_pages.py,4652,ad0377bdd016c81351865954be995b52442d97ab38ecd86942db28f7930be805
scripts\env.local,154,5ab5c9588225ad7ba136312272176756812227b3179964e787981e69400c8f35
scripts\fix_masters_root_v1.py,3076,4c9664e227419b98fea1ce199c9de759e8240146d872b60090c31194d7f933d9
scripts\fix_salons_semantics_v1.py,3786,9aad4cf54835e4fda1a2689da579012687e392b243288b6a0c5e951bf896ae38
scripts\freeze_frontend_release_v1.py,9122,0d98b8a3b71a1c44c15f7d2e7bda889b286abfae2beb52a0ae6ca773c72bcae8
scripts\handoff_dump.cmd,403,897fc797abc65dab470bbc603d97ab835c86d0273717e6b9f676fa1eec48ffc1
scripts\handoff_init.cmd,531,cda56b25c738492aeedba9dbc95fe2b938f3853a7c50f3983b139119612e5be9
scripts\inspect_booking_scope.py,2601,4cca64e76e89b6e7c2912fe43dee1ee150662c789d614ac571be02466fc4485f
scripts\inspect_bootstrap_runtime.js,1182,00f34c6d87e27e0d4f0b64b198e1a1529c985fb4e94e934c47281cca1bb738a8
scripts\inspect_totem_state.py,5998,c01c78294250103874c8712141cbbf1e655a4229a9464dafc758ddf8a9c35075
scripts\installer_booking_scope_guard.py,3929,2007c4d2c1fd179b32c97faeb9c25759e3a1aae1bf7a4b32da3ecefe822be36d
scripts\installer_CLEAN_scope_pages_and_logs.py,3629,946c889fc8d1c5bdead862d47fa7c115d3be6d15cb254e82f7dc3918b6df24ca
scripts\installer_FIX_booking_CONTAINER_ONLY.py,2295,e42239e07cd63afd7ef444405bbed7ac81efa396969168fe0b7f603935e42547
scripts\installer_FIX_booking_scope_DOMREADY.py,2555,210a944c9228df8278f84b7d2c495d39e85eb579f7d752bfdd33b50faed06a61
scripts\installer_FIX_CONTAINER_EXIST_ONLY.py,2230,588b08af4151c2c36f8e04bc2d74c350fc45a7f95c90598f61abb2e2e39c5f52
scripts\installer_FIX_HEAD_ONLY_BOOKING.py,2480,96d5486dbaf26dd5b180628cb177ebe33e1497a0f27984963d0dad8ffc8d6a6a
scripts\installer_KILL_booking_outside_scope.py,2163,c4029601846990eb11782fa75a67b385d5dc2acb12bc19564dbde2e17e4420ec
scripts\installer_patch_booking_scope.py,2672,03a663147a9693982ce2dba57015ec71f68e0d195aaddd25eb6efc83048dd341
scripts\install_cabinet_ui_wiring_v1.py,6404,4d442e3a450f2f616c3072be5cb57cd1bef187773f4ac8826d8c954a440d58d1
scripts\install_frontend_access_guards_v1.py,6263,2806db4b4ab911d79fe2755771a5332d8d03680255c7449d653849ae6fa3aea2
scripts\install_js_bootstrap_v1.py,5837,88985d872edc605e6a3739b428c04290823f979ba35e923eae964142756d90bb
scripts\install_js_bootstrap_v1_asset.py,4792,377c964cbccb634a1fa3b576229d26b4bb6c8d97c8a3e9da4b39d1f8036f9687
scripts\install_js_bootstrap_v2_custom_code.py,2663,72bfe525243d0fab11891bb73074364309ab58a35a4da988093603120705ee0e
scripts\install_js_bootstrap_v3_fetch_health.py,2907,848d7b0ca3681d0d522c8976db7e042e7cd89b8a307b3ebb433de7a3b73f8d43
scripts\install_js_bootstrap_v4_public_bookings.py,3777,ba7e32f1880dcb80463a12ceca5df5e31dd6acbba87708854128a308ff9cf6b5
scripts\install_js_bootstrap_v5_public_catalog.py,4223,add1ea08b5c3df9936172ac8db36d582e7c01b7af7b59ebf48d91d515263464b
scripts\install_js_bootstrap_v6_1_widget_booking.py,9708,ec14eff002f32b9ea952864e330b638aeff00fe15703f2c02c17aa0a3e99a0e9
scripts\install_js_bootstrap_v6_2_widget_booking.py,9904,c8425de82bea7dc902a80ee0c0e2ef5c0732e4e95750c3a0c906fe80c80d0111
scripts\install_js_bootstrap_v6_3_widget_booking.py,9703,e2b951d5f91e400d5f9ee946c6f3d610ee1a10a3e61f87165d8bafa452400367
scripts\install_js_bootstrap_v6_4_widget_booking.py,9897,35dc5f95f96e67e4f5cc1805dd2a89994a30fff88d489d32128cc3003b9f5329
scripts\install_js_bootstrap_v6_5_widget_status_polling.py,11717,41cb7d6a1617162d097795db05980faf0c1c15e4b119c38837b209c1f0047f07
scripts\install_js_bootstrap_v6_6_widget_ux_screens.py,15581,8549c7ef94412622848999ae9376a24101181f2d93cc0855df0ced8ae5383ccd
scripts\install_js_bootstrap_v6_7_widget_idempotency.py,7871,7af97764d2f3edf65112a3cd820921cfb39e4858da965c33b1e49c40136b1f10
scripts\install_js_bootstrap_v6_8_1_payment_stub_frontonly.py,4654,fbfec59d55a3d077b00ff6d7b859fa68d19cf21a8ebfbb43da50c917b128773a
scripts\install_js_bootstrap_v6_8_2_fix_book.py,6380,74d5667e0ba4b5625c9b01f1bc0931959f9291ee71c71742c06b9aed46b26aac
scripts\install_js_bootstrap_v6_8_3_clean_scope.py,2279,8a879d88e88aa1fafcfc6252cb235e51f7d21f732557d877a80c4d7e34249c1f
scripts\install_js_bootstrap_v6_8_3_URL_SCOPE.py,2082,6a4b8444e93e397bd0fc9bb8351cef8d028534b2bc4f17c1a9dca65cf6303731
scripts\install_js_bootstrap_v6_8_payment_stub.py,8964,de9944686dfaa425215a1848a0645a4a1375f7a13c4d494bf4977cc51eab4c64
scripts\install_js_bootstrap_v6_widget_booking.py,8783,7baceabd06835b11439ec89c6a8760b50980a831a40dfcfa8f59d08769cf2020
scripts\install_public_flow_guard_v1.py,5393,4eaa852f148bc0f3f87b288ed47fe0af4ea087572b9c44ec8029bc3d0073e224
scripts\migrate_multi_salon_core.js,3310,6c6d54bdef370820fe8507965a202c20f3ec5ae068d432e411a621cf8a419e9d
scripts\migrate_step23_idempotency.js,1738,a59f7a71c685d992f8bd100c4138114ee7ecb5d6354c6bd3ef581cfad1753e27
scripts\ops_check.js,3159,d0e386bf8492945fdbf2e5f67bafa10bc0573de36a979086dce68fcf5b4b8d0a
scripts\pg_dump_via_env.py,459,231ba01bb2500b4cbf9f182ac3c0fedd334d11ac4b1ab4e25b433f06ebaa2953
scripts\pg_test_bootstrap.sql,1960,3964335e239182f04d5e862a3b996a319823142fbe652d08557d273e083bdd09
scripts\restore_views_noop.py,108,efb67ab99a05cd444f5add2e43595063e2b00e3b5c91e91406ad7c8333a82695
scripts\seed_test_salons.js,751,e61b3c1bbc2a891401d2457f2855abab8f4ae545d5086b028d90f169c1060836
scripts\test_asset_loaded_v1.py,1742,bc02e7f710dba6c01de011e1363b410af616da7ee87b50780edca76a6bcc6da2
scripts\totem_handoff_dump.py,5864,8d3dd94c9ea92686cf18370049cea23a9cffa1765a27bfbab80b47226d8929e3
scripts\totem_handoff_init.py,14717,fb269d997381ffd770c662586f9d5b17f12cb1537981fe8ce923617cdb3825f6
scripts\update_cabinet_blocks_v1.py,3940,2efb8d728de14fc03505a780ee90aa33571058c5238c70c64c33ae26dacd6947
scripts\update_cabinet_enhanced_v1.py,4298,28a6b37955460765447ae3abe8e8c4441b40c3c228fb4865c728c4a4286c0551
scripts\update_data_contract_v1.py,4724,a8e752d6bb13d2ae7f40092229dfb7a1c92373458e1f62e9b67d079464542652
scripts\update_data_source_pages_v1_1.py,3918,54c7e4e0ab82120acd5e979312fb802b369d10d5fff497af401a0800358c9a97
scripts\update_pages_secondary_v1_batch.py,4184,5780482cbe6232d7f0db902d0430ddcacc5a75e42d4a08572d69a2c78f30e062
scripts\update_pages_v1_batch.py,3809,9b407dd35e701b68424fae864b174cc1fdcf96288faa953565eed39ca22a535a
scripts\verify_ui_v1.py,6572,d85569c98bef41302e9174df7bd247953683a7233e4f22beba545062c6558cf6
scripts\verify_ui_v2.py,5247,b7c8c0ffe0c8776fb8294b2362317a67882cb4265ab49e9282bfeb53ae40d88c
scripts\WIPE_ALL_WEBSITE_MENUS.py,2326,c06848a7b5aac4cbec3b06f3291a01f1b41b7489047c64c146bd01a962cb778e
scripts\write_ui_contract_v1.py,3780,27feb23b80c0e331235e49ae0e5335a1a0d5f2092fd7fea99391c7abfcc40ea7
sdk\test_sdk.mjs,615,956f66cd20e8570c21e4a4c0f321ca573deff5a6cc24e404d46c29030c3d7350
sdk\totem-sdk.js,2124,f58ac818f9f298ef0b0dc94a0e4e4b51de400b7fecfe322fdd5f6e51f8aa84a1
services\alerts.js,905,84d1b403d1c8cb6b78890210c6234158ca639e77bc3cd3cd3bc67de64a0bf5c3
services\alertsDedup.js,529,79d5f920864c1a0c21645e1b5573ede861c7a6d457ce95e01023f803e30d2344
services\catalog.js,0,e3b0c44298fc1c149afbf4c8996fb92427ae41e4649b934ca495991b7852b855
services\commission.js,607,e03b243a12afefac8f32455d448eec260532767ae0d21b1f4703f24c9c872e25
services\payment_flow.js,962,8986ca2f8f682c67a7fd3049ee75297eb9999788fe247c9b3bdaff52d7e1e475
services\payment_intent.js,930,04d6c563e59524e426ef8c8c39f8c41835c27975102decaca0f00a316b7219a7
services\payment_provider_mock.js,1382,481cc790cfed8fc9c48a19e86506c3ec293153acd5d6b6136d90caf8f33c110d
services\payout.js,1041,a7c43527fe15c27e697760dacbebd8dd85d279a18ae805b91cd0c80fad0d00df
services\payout_execution.js,1268,e370b7f4ce2dc87f39b21d03d000a1e63143f5107fdcaeb4a7972cca0856620d
services\payout_preview.js,1078,5852cb5b745ee564d2893ac3e9fad3ae75766e69979363e2b238dddaa7ad5f19
services\reconciliation.js,2412,30633e6b66f32b4d0806dfbcade9266cdbc15f7852e8a9269102e939425b6625
services\fee\fee.engine.js,1318,f6c557034364b702de66f696354ce08de40e783ef566f7d0f3f7156bab96beba
services\invoice\service-invoice.service.js,1648,989fd840c500b029347046ace10ade4b106dd3c0722fb554616cf6f3452efa92
services\payment\payment.service.js,2924,a147f93f372eb18936472556caa9d6e428249558dbdda3e7c4259b8296841570
services\payout\payout.service.js,2689,90e56b96588ad223f9b6e3db70f31182484f200032a433eb981f387302562d0b
services\wallet\ledger.service.js,3149,e39459c11c8d632ad457d4a869a50096c4b1ce719f16d3e8058cb9525156d70a
services\wallet\wallet.service.js,1811,728020fd07ec5e22fd87b07ecffa7e317e81246a3b4a7109de9ec322126ed5e9
services_analytics\cohorts.js,2313,ba210eb095b2ec52c35523908616567c53533d9712688f0a516e16b8f237f2cd
services_analytics\core.js,2043,dbefe2b300c0b1989a9c26c08da0da9f9260ff490191f81835f06ffc9c614eb2
services_analytics\export.js,1052,6bea855e96025d6f41f138521d3d5da1fc5dad39adefa66a1f5675794e45f922
services_analytics\pricing.js,2636,dc3426faff5a567bf057e145f2fa283f7e89b4fd09c49b89d00a58729c456408
sql\control_plane.sql,1142,b1271dfbb940dac95a258dedaefffc71ce3077b70e38ed174ec4b97ab4592acb
sql\payments_core_canon.sql,575,a21fc6af7fa429053379e98f8a4e73efefc226597585f56ae6b58b820247dd8c
sql\payments_monitoring_alerts_v1.sql,615,b57b751d79dee824065c3a386f0272253ebb388063066ce54ab1e70b1436bfa9
sql\payments_ops_hardening_v1.sql,386,47d22036e111f5c36e3766fbdee553028f87af6bfdf6d6423aec45b753ed19ce
sql\payments_reporting_v1.sql,166,e08ef048322530ed59f83f9b628ca704a037372f3da2c96ff416759d7245b6be
sql\booking\2026_02_09_booking_calendar_link.sql,297,3f73f552415396284aebf2060de9253474275d9fe2a14a393a04cadbcafa56ee
sql\calendar\calendar_request_id.sql,226,a8117290bd85ce777c9d9bd000a1b20d85d5d53d7dded0cbdbc6be814fe83ce5
sql\calendar\calendar_slots.sql,909,5f472bac6cd91d2d6f9c3ac02c06da6dcf8b2df397ef19bcecd4ad4ef563c39c
src\app.js,556,e5b420ea1b6161ea17727881f2048fc80abfcc541692e79cf2a3fa61dd9d63cc
src\payments\index.ts,176,c1a8e9e79111a80d8f8c7fe4c09511724cb29f513fabda4ff6dd754e88e08b73
src\payments\payments.flags.ts,163,8893559def94e3f798f41d3c1ce45f00d72ce9e3bf7c32e6e834351b0732cde5
src\payments\payments.README.md,297,f4a484e171401a181fa00a6aa5eb1251eaed57521564f989458d1c88511505b8
src\payments\PaymentService.ts,907,994a6fece6d2ee458914b7f3dfec84caa9b64f2a36d4ac1303bd331e634eec70
src\payments\PaymentTypes.ts,628,538fbc5a1ec3d2223280967fb0b21f3c4e3cf68d3e142b907a77a27a6475a0f0
src\payments\wire.runtime.ts,637,8161bfddeb4e06f4b64df0bd0f7e406f5b07714765f96aef885d5ef14761e88a
src\payments\providers\ProviderAdapter.ts,417,140bce9529f79b589adbb42b1fdf14a7186187889e072769dcfb9d042e501d5c
src\payments\providers\ProviderRegistry.ts,519,5884f41000e8bf2330839dce02af3d55a7cf3211345dd6cf78e2f7da62a620f0
src\payments\providers\providers.README.md,238,449994cbe1be61947e1357035a87a74799feceb8f698e89996bbb2cc94e8004c
src\payments\providers\stripe.adapter.ts,592,13ea9b4c7d2b5703ee0fc6d2276505d77119c78f5bc0a9c556c8fc9993dd95b7
src\payments\webhooks\payments.webhook.ts,451,2103176d2c6f91908f82ac31384a6e908225b812a1715cb1a2323b6569633963
src\routes\auth.resolve.ts,393,99641b1703ab87d352b3550030c209aa6e8a3fc56d25a622496632a8ec556bdd
src\routes\calendar.js,2103,74bd5aec0a22236a12814a7e1946a54eea6f1895ca6de2cbb3c2772a2784a2f8
tools\all_tasks_auto.py,7478,a717704fbaf7dd1ebb35e621bc66ba295557ae22a770bb92c3c5c3a8ec29db92
tools\AUTO_OWNER_REPORTS_RELEASE.py,4679,dd9d5aa24985e4662ea060cbb1c5a3742c754ff27f1b7e070c5c66c3b87e8358
tools\AUTO_REPORTS_RELEASE.py,8363,fd0e2477af14f464e2fbc1ff301410a92a00c3c62248f7bdebe4fc05f1bfffe7
tools\bot_pilot_hybrid_auto.py,5160,bccb1fc746a57495ed9515ad68b27a60f3480035dbc22ebc5f7774c4e5958a77
tools\check_is_active.js,403,58204a4972c6e593e919b27fdc649875c5bbd52f6eddd306f87903ac15f0e45c
tools\check_p5_1_tables.js,466,25a3fe3bc93612e8a22c27a39553b5f62915c7ace9fb3249885df3f956bd58ae
tools\core_foundation_hardening_auto.py,3548,e8aa8eb4adf0f27e85c0b8941fd77ea76355175288d019b9712a29d6bce0c9d4
tools\cron_booking_timeout.js,2028,b66a7c31155d8b2a956fc45a9bff93adf11264862205905007a73003844bc691
tools\db_bootstrap_payments_v1.js,1082,339e594aa61b2824591254493eba52413d153d4f86a679ed7d91461342f83d92
tools\db_bootstrap_pg_v1.js,2049,8e2f71f05b6d7f128d3273036ea242fa0b4932a5e7e50f5e6373dfdebc50c4ae
tools\db_bootstrap_prod_v1.js,1069,b66fd2e2728933e7456adc45bb4d90769ba5614bf0d59467542338c68f266158
tools\db_bootstrap_public_v1.js,1154,8b39cfeeed283e908c83f7341d39625ace1fe67c909936bf5ca8d2e36a3c27b6
tools\db_inspect.js,1054,8f1b871b9d7473ae2f6f0976ba4a8f43351236cbc90e8ff2e76b15df8d3833e6
tools\db_seed_prod_v1.js,903,486ea2ed017581e54138e99b0f9790e3a8984b43e075d3f65ec13b01ca50c99d
tools\execution_real_world_auto.py,3937,6ab1fef59a695b209da31c0465ac9334a824ea31866588a8680fb6b4f4f8235e
tools\full_auto_master_pack.py,13153,4aeb1c370c0d42729da4b804eb6209455ab779e27791da31a8e2dfe0f8b432bd
tools\full_auto_next_phase.py,9113,26a632a2d8ac3d8d9113d69ae6f74204fe1510a43a300070eb5639fb4b649b8d
tools\go_to_market_triad_auto.py,2425,49b912c26d442f95869f47e5466c110baabf3ff7538d99436950a04e6c8b3f58
tools\gtm_full_auto.py,4477,9d34fc32f4041d6efeba58834f584f060bd27bb87462e8469d8a1ca0e49a868b
tools\inspect_masters.js,294,79826141ac7d96d8976eaf94f3ebed879aeb6ae230ac7934fee826e5b0ec1b82
tools\inspect_salons.js,214,1912f61948e136677ea5e51bc561537a40698673c1daf7fa7a4cd59a394d1abe
tools\make_payments_docs.py,7198,e1d466b298ea916837b203722ed432fd897e5f803cef6d7935932f88d1719cb1
tools\make_psp_prep_pack.py,2556,f1242431e4a43d1bafa0f7a981500b6ab1237bab5a1a4dc4ad0558339096a2f0
tools\odoo_public_flow_stub_v0_auto.py,5521,b3f229afedb0553520ac4553ea59c92a98516b454a55c1c09ea82032475f4290
tools\ops_scale_foundation_auto.py,2819,1b0a4fe54368ba0b7a5368d1e74c3054b7a3278a29ee8bbdf5a19c53ca3aa091
tools\psp_full_flow_auto.py,2996,c8f13b983faf7e2116b53cf6bd900ddf4dd87bfb62f7c5a3095d1e87ff016607
tools\run_migration_p5_1.js,1374,aca18948a42d388128170d78ea6879c0860889b6e57ba201657e4f1b90d9ba77
tools\select_backup_psp_auto.py,2764,4c8d67956affd08bc6710299642db4b61bf97ad0e48c2c281912245b3ab95b3a
tools\soft_launch_checklist_auto.py,2224,7603fac819dfc14716aeead18b7dc36e9550af529f718db5df114dd9b1a5a4b3
tools\TOTEM_CONTROL_PLANE_AUTO.py,11354,7f7ce04c1c70796e46dd3f3c592ad97e27a4a3e03f38600d23c5639789a7238a
tools\TOTEM_ONBOARDING_FULL_AUTO.py,6307,64bfd279ef48fd619e8e03e3ab7fb595c680a1670ee644070764127321d321e0
tools\TOTEM_ONBOARDING_FULL_AUTO_ONEFILE.py,14000,c4dcafe88b81f241f18f1262e45709409715830b4302bce44b774357c7adc62a
tools\TOTEM_PAYMENTS_CORE_DOCS_AUTO.py,2828,18ecf30f05d0703849f16b6135682566fd4a54c050bb226b81bf13cbc02640ce
tools\TOTEM_PAYMENTS_CORE_FULL_AUTO.py,3520,423e02755c9e4ce2331b3a1f1d35561bb9b2724b5d983e1830576b6076b12939
tools\TOTEM_PAYMENTS_DOCS_AUTO.py,2397,0ab6dbb173598a0f45d7f780ad84d991108630b2cbb8583d554b7820e70dbb65
tools\TOTEM_PAYMENTS_MONITORING_ALERTS_AUTO.py,3050,5a92037fd0aa7d75205bb22c8804590a2db1f0722059d91421b18c74ae1d4d43
tools\TOTEM_PAYMENTS_OPS_HARDENING_AUTO.py,2940,53c058714f0a184096a2cc7466f1a2501c1ac592c5a30fda7d7eb2d4684a706a
tools\TOTEM_PAYMENTS_POST_CORE_FULL_AUTO.py,2886,1c55d78cc148d2154084468590c4876c3cccb6a4b46b82a4d7fbc59f114a8bbd
tools\TOTEM_ROTATE_TOKEN_PROD_AUTO.py,2826,b0e9a34d49424268d87804db4c9ca26d6891ed99694145f964894c53e2220e1c
tools\ui_product_final_pass_auto.py,2558,66543e0960e9581872795db66bc18a3f6d994c7189df5bcdd80750855ac5b8cc
tools\_logs\payments_docs_snapshot_20260210_194357.txt,498,38aeec5f7989f8da3cbccef1bda8f10ce0e786ae405a93188d37128584f3170c
tools\_logs\psp_full_flow_snapshot_20260210T200740Z.txt,104,acbff2c8eff96aed38325d23d10bc8522d7ae154caef28b534615949563c7764
TOTEM_GUARDS\backups\custom_code_head_after_20260210_150351.txt,7202,c0bde56294cf8e8ea4b62950a57bd9a8f889d14a60b845cea552a800a3675b60
TOTEM_GUARDS\backups\custom_code_head_before_20260210_150348.txt,6365,af3cb4931974f4e69e99c287ec5a5c7d16a1b70e3b5060195da47ed463c0111d
TOTEM_HANDOFF\HANDOFF.md,4108,1ed13a5129fa12c2a5fa6536918f313fe6dd4c2dd1e066757864102a8c88a92e
TOTEM_HANDOFF\STATE.json,8361,f1d73a37a9431d492d4db9c70661fafde9f6a4824ac71d5cbd2e63bc3baaf07e
TOTEM_HANDOFF\FREEZE\FUNCTIONAL_FREEZE_WIDGET_RELEASE_CANDIDATE.md,4714,c745c95e56bbacef0d98abc8542538759874b38d0e66ea68c2019372e0139669
TOTEM_HANDOFF\OUT\TOTEM_CHAT_HANDOFF-1.md,1065,cac742eba6c6ee31cf29f5136e3a4581d7122c7043b41307589e7077d6c41fcf
TOTEM_HANDOFF\\ .txt,3648,93c87108fef004b157d3d12a445c5377c2df5ac6a6c46a2b2830c5a48e1d18b5
TOTEM_HANDOFF\1\handoff_build.py,4246,debfe8f69d4bd454e95f504723c16c951fddd9ddf0397bf12712d6a3f8ccc5e2
TOTEM_HANDOFF\1\handoff_rules.txt,257,28c4fde6f9d05f8c7721325710c7c30883d003d05aa5da8556b0e1e99f043961
TOTEM_HANDOFF\1\HANDOFF_STATE.json,738,3ca3badbb197d3aed3dab107fefebb309a0c1f7cf34f2459a61530c569e058c4
TOTEM_HANDOFF\1\README_FIRST.txt,463,2ea481a46d29ed9fd6d515b4d8bf7d843b384ebe712a89dec2dab84580a018d3
TOTEM_HANDOFF2\HANDOFF.md,270,64ca482574b2279a471cc9697a56dc2d7cf13c91263fe82159389826319b8478
TOTEM_HANDOFF2\PROMPT_NEW_CHAT.txt,474,17708fb8fab61a3e5ff8c84e6b64be31aff0ff4cdc994f6802b2888900ae4c53
TOTEM_HANDOFF2\PROMPT_OLD_CHAT.txt,1237,fb5e771b6678e1de409bb2664dde80026b6e37106d059567aa051f38d9a4ad95
TOTEM_HANDOFF2\STATE.json,2902,4d046e5a46d4de753b9d567183e497dbff2a16b4434ab7dba3eb7af5d8a194de
TOTEM_HANDOFF2\.txt,23763,79f988ca0cf1757bae3f389af6edb78753e32e4abfabe2ab16c5339c71961c65
TOTEM_PUBLIC_FLOW\backups\after_20260210_154209.txt,10499,aabedaf1cf423631cbe2709c9edb438c3c24fca30a11e7d6867bc2696c551eed
TOTEM_PUBLIC_FLOW\backups\before_20260210_154208.txt,9380,e81ba35a82d3477b77085077290135db3087fbddb6a563d5f54c5e92a0187692
TOTEM_UI\backups\after_20260210_152539.txt,9380,e81ba35a82d3477b77085077290135db3087fbddb6a563d5f54c5e92a0187692
TOTEM_UI\backups\before_20260210_152536.txt,7202,c0bde56294cf8e8ea4b62950a57bd9a8f889d14a60b845cea552a800a3675b60
utils\audit.js,825,21108c90e387e8648a6e6f9260d3e170e76d8efb51bf9e661cef09e45a18dfbc
utils\auditOwnerAction.js,1421,5cbe1db2ca6b88e7dc4f55161730d5eb4689dfc4e9feac0eae48319ff139f16f
utils\auditOwnerActionPg.js,1410,5a0875783f0fecf6d41a1dc8120a140b388f5d4e969458a011e59b50a28e0152
utils\contractHash.js,419,51ebbbc7e026bb6570370565fb47fed76ce277f4f665e79aac97974d3a2089b1
utils\enqueueJob.js,566,c0e663f7baaa65fe8238a66159fe4ecf4248d16aee23b3dfb1e2b178f812b016
webhooks\sender.js,1531,d0418c770e71c1b8901afe46988b737dee5919d12b800b232f2a11cb20e11981
widget\demo.html,496,552b487b848753233efe941214ebcbbf336cd6ff69a43cddd896ea265a132253
widget\totem-widget.js,2450,cca7b7764f46107e0b7ece89de379d506ad222788e4ae3eb618185150a120f49
widget\widget.js,6182,5d984090171b5e6d88f84a7ae1cabe8334b2c891bc7fb0ec1186cf15d7444ee7
wip\2026_01_30_add_booking_request_id.sql,375,707e2dfcd5268aa1012409de3dc861d29ce88f359542dc7aa6404a5c6964783b
wip\2026_02_02_add_completed_status.sql,316,eaa8a4f61716c627431e3c6771b5742f1e3b82d383d38df8555186be0d9d1165
^\-files --others --exclude-standard,16465,2d77f19c3ab7c748e764b5e094d289f565de58c1994c7b17725574f51a165c8a
^\.env,271,2ee57a3b3abdaaecf450159e73c581dff99d9a76b2adb50f96aed2167d22b544
^\.gitignore,418,5496d6e3badca71ac5d59fef3189a8132e00498f2f449e1fa2561d5c79128dd4
^\2026_01_25_add_booking_status.sql,517,7fec77ee4472fb34fb6a27c808489c8c2f263c3788255ad864a3fa73c14f3284
^\ARCHITECTURE.md,2600,a58c7d98453584260eebe9b5e21684f12defb404f92e364f3fa89b121cf843d3
^\body.json,215,02dc0616cf57c41fc8e90cd3c5716512b5e3c6979037a62780529e49f73d365e
^\cd,0,e3b0c44298fc1c149afbf4c8996fb92427ae41e4649b934ca495991b7852b855
^\CORE_CONTRACTS.md,1945,4aea1a4b7686d0714ed26648ea6e141367f29a1924ecd3f5aa2c8006e72eb43b
^\CORE_FLOW_v1.md,941,6baf1f0e50b9b3ccd9c3855e7c847614536d3e643039cdc59ec974d51e083f0d
^\curl,0,e3b0c44298fc1c149afbf4c8996fb92427ae41e4649b934ca495991b7852b855
^\data.db-shm,32768,3b79d9445bb3193e9883e74c9ba97833f1f2378fc126cff1bb244034d3c016b9
^\db.js,1775,6289565f883661393b0983c204e84fe69caba670be1de834218256aa3bff960d
^\db_bootstrap_public_v1.sql,1318,b8340fcfd1cb8b9401b18386aef8c7b37968ce2d9db37414e6bb6e75f90b6f01
^\DB_CONTRACT.md,1529,1e0675cbe598a990a355846f1689074f7f14d6343b170a8c211c81ef922caf79
^\db_schema_freeze.sql,31976,f5bcd6eda7b1f34d74b2f256a56707c200b1a68c0ac240938e42ed6f3a1ad53e
^\db_schema_v1.sql,541,c9a612b69a9890f47b4d61869b7dcc813d494b70da73a5f4a66ec4b4020efd9d
^\dir,0,e3b0c44298fc1c149afbf4c8996fb92427ae41e4649b934ca495991b7852b855
^\FREEZE.md,595,bc2d11bbe9e4b7875953e9647b030c648e95ea9abf55c30d36cf4faa2cff2fae
^\git,0,e3b0c44298fc1c149afbf4c8996fb92427ae41e4649b934ca495991b7852b855
^\git_status_compact.txt,11821,7d5a958ca2cc1dc5f6f364107c3938876fb0210d847d58b614a87b8298c1f022
^\git_status_full.txt,15513,82f8e516a401801d2ae4274d5815380e7cc54036ff1d2d4839f956f0f6795593
^\git_untracked.txt,1029,afa535cea5eb4f7115e1e9c3cc2c3b4d81fa7524cbd348a86b8391a9d740b0bb
^\how -1 --name-only,192,b656773f3d7c9986d53123c7632f251fbc0a9210bb68cc8bf17134df220b0607
^\if,0,e3b0c44298fc1c149afbf4c8996fb92427ae41e4649b934ca495991b7852b855
^\index.js,5934,ab0dcacf51ee84bcd460db29f639d56a1ab159bc6f3d82d0be3ffe6c534823d0
^\index.js.bak,3670,b64e546f838eaeba482951ed3b423621f28a1747ceaf515012725aeffeb77a13
^\inspect_bookings_schema.js,289,9dc46172392cd9690d922b28a4f4b9ed466d6c22d105949a407b1e7a6886238b
^\migrate.js,1059,80b96a2999d6e68df6a717e86e2ac380e36b71cad04150972c4604d8003222ad
^\migrate_add_service_to_bookings.js,266,b8fe24f13f8d0d5bfc109d488d4164fb545f5b37b9e735f0d2cfc670424a1162
^\migrate_alerts.js,567,3859ee17c4bcbe4fd2d492f47129455148334dc2920b3e3bbfb44b7b120800f9
^\migrate_blocks.js,523,195e41bba15284d7551947a50aef82f2f7546e02219f16cb8114bf064506485f
^\migrate_blocks_slug_fix.js,867,429bdb1ab47a3b6aa370083778a9dce7b3c62b64d49c29e810edf161dc2e3c77
^\migrate_blocks_v1.js,414,ff42ccba526b8f3a7f296aa15efba8d90e35ef821314d40a4f6f409d333a7211
^\migrate_bookings.js,505,f3191b78ae392907e7b0a20fcfe499b154d6db1d6852092ce0fe648be53ebab4
^\migrate_cancel.js,311,7ac21117fcd8a32049fb306a87db596a9b13c797a6189698e347b4ac1c9e1cb9
^\migrate_marketplace_bookings.js,556,0f0cebdf208b236f54a39057d248d32b446a7cd7cc229ca8beca80092cbb66e0
^\migrate_schedule.js,543,cd0f247a52b7898096fa8aae39c03922b5d242320bf9873c1ea7fc355a7db1da
^\migrate_services.js,72,2c333e4a7c96890cb739ba62a1d893e8d52140e04cafe1be45d24b3d72b52969
^\migrate_step14_status_log.js,745,362c8752588de0df96782b4b8ce0825111cc507ab55dba2eb32e90ffde93f114
^\migrate_step16_commissions.js,659,c8f5304be735b0a4d5a5187ca214dde43b65460adccce9a04bf2b059f29d5464
^\migrate_step17b_payments.js,764,906d9b7f1c0c52bc85445211e9e8b28e59828736d1a9609acf3c2f383b40e2e9
^\migrate_step17_source.js,287,427bf5031f5c0e9925841dad75a4eb720716572a3394709569b62fd48e66b3fd
^\mkdir,0,e3b0c44298fc1c149afbf4c8996fb92427ae41e4649b934ca495991b7852b855
^\node,0,e3b0c44298fc1c149afbf4c8996fb92427ae41e4649b934ca495991b7852b855
^\notepad,0,e3b0c44298fc1c149afbf4c8996fb92427ae41e4649b934ca495991b7852b855
^\npm,0,e3b0c44298fc1c149afbf4c8996fb92427ae41e4649b934ca495991b7852b855
^\openapi.yaml,5760,48fad9e8092998e024fa3e218030704c914b927f0765800aeaf8d952e853ef72
^\OPS_RUNBOOK.md,3122,1212d0c28d7c2dde3964b295506f9a4730f8b2c876f1c5fa96a0c281813233ca
^\OPS_RUNBOOK_MINIMAL.md,329,c10dca0782f716b4c55825aa3ea5da734b9bf4860e27d5c15f232eaca4fb7a28
^\package-lock.json,54741,6407940c19e061ce95862985dd37ddc7b4a5889ce06340dbb77cfd2d73a75503
^\package.json,380,82a63b1605e1887a6d018853000047bbd9f2a038ba1603f48386f59250adda27
^\PAYMENTS_BACKEND_READY.md,492,62b59edc1080a972181cd9c08cdba256d3b92877b9476469fe9b9789bc329668
^\PAYMENTS_CONTRACT.md,1358,7072cfd1c07a939888cbf9c7a6469c2aaed6c9f0e0c2cbd79cc8d2f55a1d9d97
^\PAYMENTS_DOMAIN.md,804,b5c54f9f761ec3c2893812308d7ded0d633dc6fd825f9a7d6daa1710848564bd
^\PAYMENTS_STATUSES.md,567,05babb8081503d393146cedead5864dc03ebfcc32e0430bd5c1aa45e841e7d56
^\PAYMENT_PROVIDER_CONTRACT_v1.md,779,5c5af87d7c72275f86fc77b1e300582da9ad2ace0ad749f69a811f84a35f24a5
^\PAYMENT_UX_FLOW.md,610,66bd1ada21b12b09c302d5eac0ae7ad042d0ca840eb8e4395253aa5c9e689800
^\PAYOUT_CONTRACT_v1.md,1195,e433f25f4b20e07f120017f10d711bc8480c8fe8391e87e8f14320a76b06b77e
^\psql,0,e3b0c44298fc1c149afbf4c8996fb92427ae41e4649b934ca495991b7852b855
^\RELEASE_CHECKLIST.md,234,d9fcbb039c76f2c2c5b9b20bdfd35a116c439574ed54bc823f7bffa041fe7389
^\RELEASE_PACK.md,529,ecce32509ae539b774ff47bddaceda7c865f9438c6cb7d5c5b74b3b69d67e010
^\reset_marketplace_core.js,2169,9d2573535aa84ad36513ad8ac3f21d752beb6ba1719eb6ea6ab12699ba8c76ec
^\SCALE_CONTRACT.md,538,f57cdf6700b6b6b9d3420eaaa2de0656abd792abed6d09083600aaba2494f193
^\scheduler.js,1776,5ff3707a1ae523da93b0b34d6ef2968a53b6b6fafb4ab5cc5f92c30265aba3e0
^\seed_blocks.js,378,7d4923385c158efa80a4bdeec013d2654b6f602b5320e8c3820dbf39120e253e
^\set,0,e3b0c44298fc1c149afbf4c8996fb92427ae41e4649b934ca495991b7852b855
^\taskkill,0,e3b0c44298fc1c149afbf4c8996fb92427ae41e4649b934ca495991b7852b855
^\test-widget.html,780,9e579452b97fb80b0d38faf1d8270091a462ed81364997089bf69fc53b6055ba
^\test_owner_async_backfill.cmd,442,a6b3af352ebc179f58583cbc80b32f1d9c0bfea5ca86714c11f9619a3c893227
^\test_owner_async_backfill_example.cmd,436,9c94123912e5000b3ef4f0a23d0b61e5656cda65e5fa426bda17b0670f3099d8
^\test_owner_async_read.cmd,229,d972aaf92d0349e13cb64c42120bf675a61473ce3497abf3566c0b2b11ec66c2
^\test_owner_run_worker.cmd,234,e262ea4f6176875e843db29fab1189415a3f9a7a51afac05aaeef23c0bf795fe
^\tools_make_payments_full_automation.py,3853,156f27e16ee03a947ab76b39606175bfaed2d2c3280ae3819e1c25d1252f2c1b
^\tools_make_payments_provider_skeleton.py,4699,80bc3a5853ed2578bf97cfdb21f3741805cd8631bedf15c18a4f8e0e8c466eb5
^\tools_make_payments_unfreeze_multipack.py,5620,f5e187667cce7264903e25edd45e9da1d82372927f937b5b09035dc27fb35124
^\tools_payments_final_automation.py,3621,b5e7c7efbef8c3102f2dac1aab78ea5a368ce4e0d19b062eed9bcc87aabcf253
^\tools_payments_wire_and_check.py,3130,d7cc6a30ed9e6b4e58ae4e0d32d1ec0c0ef9d99ccf435b8b5e5eaf56f1315b43
^\tools_select_provider_and_enable_sandbox.py,3591,4e57b6fa5b85ebb63f8bf717df3211f02b2031d994a34721b27fa75ef338359a
^\totem.db,294912,9c5ed25bf1d41eecdbd543f8c34259ce49e1287cf0905eac27a6be9e4f9b0c7b
^\totem.db-shm,32768,c7f968d92f3d66f9be5506d48159ab364ea64766b0c318355fb8378ff9d10b66
^\totem.db-wal,230752,38d0e3a93c99ab4d22c237b89136406b892b4acb1b18fc4a607c89a0402ba039
^\totem.db.bak,225280,429aa7dce604a83a3cf572b1096f1644ef917f43e52f54c4bcc31e302140fad2
^\totem.db.DEBUG.bak,73728,a5e6552b43626f8b93085f6bc967291e6f2ea04873b18529ce989d38d795c463
^\TOTEM_release_2026-02-06.zip,229640,4a00ec0aa44265c7223c4aa2900942d216fa00ab3331e9a7350ccc699ba71730
^\type,0,e3b0c44298fc1c149afbf4c8996fb92427ae41e4649b934ca495991b7852b855
^\widget.html,1948,495128838db3df6a2e4a21e046123b91a0c7a00b0f01262bb9afcf4525a42ee4
^\_public,153,dca0420c269623687f68b35fc86b5679af067a621af64a3145bad8f4c6403531
^\{,0,e3b0c44298fc1c149afbf4c8996fb92427ae41e4649b934ca495991b7852b855
_archive\cleanup_2026_02_10\0,0,e3b0c44298fc1c149afbf4c8996fb92427ae41e4649b934ca495991b7852b855
_archive\cleanup_2026_02_10\0),0,e3b0c44298fc1c149afbf4c8996fb92427ae41e4649b934ca495991b7852b855
_archive\cleanup_2026_02_10\2026_02_10_payments_core.sql,2044,c9d470857a99cab79c44f327f0ff9f68ac1780aa8204d37057297b6a090cc9e1
_archive\cleanup_2026_02_10\300,0,e3b0c44298fc1c149afbf4c8996fb92427ae41e4649b934ca495991b7852b855
_archive\cleanup_2026_02_10\any,0,e3b0c44298fc1c149afbf4c8996fb92427ae41e4649b934ca495991b7852b855
_archive\cleanup_2026_02_10\audit_hardening_full_auto.py,3560,cae4ac16ae380d0950c4366cca2345d26b852d6e9ae5731a3f6c46ee14d68c6a
_archive\cleanup_2026_02_10\canceled,0,e3b0c44298fc1c149afbf4c8996fb92427ae41e4649b934ca495991b7852b855
_archive\cleanup_2026_02_10\failed,0,e3b0c44298fc1c149afbf4c8996fb92427ae41e4649b934ca495991b7852b855
_archive\cleanup_2026_02_10\pending,0,e3b0c44298fc1c149afbf4c8996fb92427ae41e4649b934ca495991b7852b855
_archive\cleanup_2026_02_10\r.ok).length,0,e3b0c44298fc1c149afbf4c8996fb92427ae41e4649b934ca495991b7852b855
_archive\cleanup_2026_02_10\succeeded,0,e3b0c44298fc1c149afbf4c8996fb92427ae41e4649b934ca495991b7852b855
_archive\cleanup_2026_02_10\system_onboarding_identity.sql,344,fb4262388aaae49ee6381a6da09b4a161907322796585fcb284528b483372027
_archive\cleanup_2026_02_10\TOTEM_AUDIT_LAYOUT_REPORT.md,888413,2de56bbe50ca29dcc13c3a9db543513b8a03271a89707958cc7664261c8c2cf7
_archive\cleanup_2026_02_10\TOTEM_AUDIT_REPORT.md,1075898,31059e6c249f4274f025a5af9961eb94a62fa8d590e4575f3bb2055a7c478451
_archive\cleanup_2026_02_10\TOTEM_ODOO_SITE_AUDIT_ONEFILE.py,14626,37b4be33fd6874e3665d9699919cffbfc23d31bfdd183fbba7ddf03ee2098a6f
_archive\cleanup_2026_02_10\audit\materialized_views.sql,929,5d8d4b90cf99fcc558536bec620226ee1ff2a3d1664ab188eac3fb43d870cfc1
_archive\cleanup_2026_02_10\audit\readonly_user.sql,1395,572b238d9de4bf40957b4f68eaf11038b0143b5c7e4eb8fb8c13e3bab2ee780e
_archive\cleanup_2026_02_10\audit\reconciliation.sql,1374,c42c4d006e825bfc69394439c22ab0757d244e7668063638945bc27831879fc6
_archive\cleanup_2026_02_10\audit\reporting.sql,1768,51d0cfd135fcbad90d91cfdd52a3b2866c3b8448536c31ce34fa2b37617c72b3
_archive\cleanup_2026_02_10\audit\views.sql,710,e049de386b44451450b511dc851deba117be72a066c5d06dee32351988ef8f96
_archive\cleanup_2026_02_10\audit\views.sql.20260208_143217.bak,487,4d944932a3032ff11b7dfbdbb160b88988acfb48a7100509a95c5b63b9ed0912
_archive\cleanup_2026_02_10\consistency\DATA_CONSISTENCY_CHECK.sql,3675,9254794a5514d2e318b78117f8867bfb99a80856208782e86a912fd0dc758fee
_archive\cleanup_2026_02_10\data_hygiene\DATA_HYGIENE_DELETE.sql,712,65aa7468c1a4fe8cf3c4c2912c7ba698055cee3f74460d9ed73e1b605b56393b
_archive\cleanup_2026_02_10\data_hygiene\DATA_HYGIENE_PREVIEW.sql,714,e4ef2e8cae53b863b3938e7cf81ebfd1a16b08808d695ffa18b1e9a05890abb4
_archive\cleanup_2026_02_10\forensic\balances_at_date.csv,214,67f69847a84f4f39ca9b4ce2b239024602eb842c16ed9cf04a4ff4f692c69916
_archive\cleanup_2026_02_10\forensic\payments_tables.txt,182,af021edfc8c60d03ad7d88bd7e83cee9a51355af3828cf581c07094428abae33
_archive\cleanup_2026_02_10\forensic\payment_events_desc.txt,0,e3b0c44298fc1c149afbf4c8996fb92427ae41e4649b934ca495991b7852b855
_archive\cleanup_2026_02_10\forensic\payment_intents_desc.txt,1515,1bffa83c9e8274c743ab204c6af86c84dad48385c9878627b21724c41c947eee
_archive\cleanup_2026_02_10\forensic\payment_refunds_desc.txt,0,e3b0c44298fc1c149afbf4c8996fb92427ae41e4649b934ca495991b7852b855
_archive\cleanup_2026_02_10\forensic\wallet_replay_2dd7691e-553d-4af3-88f6-4376100f4dfd.csv,192,57a1261c7a43ba79e9bca759852bc521a4a6d448dc6806c19d006a576c23af5c
_archive\cleanup_2026_02_10\_automation\odoo_ui\AUTH_CHECK_CANON.py,1566,56c5c1d3fa507b9e2bc24c0be99b4b311c83fcbb42995800747fa1560320caed
_archive\cleanup_2026_02_10\_automation\odoo_ui\auth_odoo_session.py,904,2835ed6b31adbd15a8c1457d2dfbc40b7f318d9652dfcc78669e51f633dda557
_archive\cleanup_2026_02_10\_automation\odoo_ui\cleanup_header_auth_buttons.py,2315,cccfe5c35354e0b7fadf44734b1987ab6d455d03fe946f149b11c66d41cf9989
_archive\cleanup_2026_02_10\_automation\odoo_ui\create_header_auth_buttons.py,4300,f7d8256d9bfdc7782129f22b7b1ff4dd37e7216ab5f267c02f535277d00f51c9
_archive\cleanup_2026_02_10\_automation\odoo_ui\fix_menu_totem_clickable.py,4159,4581eb096f1f483c6fbc6898eaa58ceedf7ddcf48adc4be5cba0968c1c2ca114
_archive\cleanup_2026_02_10\_automation\odoo_ui\fix_menu_totem_FINAL.py,5536,4f03ef7149e3bdc733a1e4fc7a160bd9acb49e4917ffd4b64ca29b4ed341c73c
_archive\cleanup_2026_02_10\_automation\odoo_ui\FIX_MENU_TOTEM_NOLOOP.py,3709,b8d3c7a0b8bbb89b3d0837ea0a6f4e2575cd70947ecb7807b9a7d4fa4edddc38
_archive\cleanup_2026_02_10\_automation\odoo_ui\FIX_MENU_TOTEM_WORKING.py,7812,e4f8eac7c9e84b31e03dded707ad0e9e1c567e4bfc6fe75ca292801ff53668e0
_archive\cleanup_2026_02_10\_automation\odoo_ui\fix_website_menu_totem.py,3590,dde8c14a4db12feec36ffabdf26d4823e04864e0ab278367c0d0adcd7a4b5a8a
_archive\cleanup_2026_02_10\_automation\odoo_ui\list_menu_roots.py,1101,e4ebc15e5988304af83c45f128065c74d99ad728fb1dde5994a098d598662242
_archive\cleanup_2026_02_10\_automation\odoo_ui\rebuild_menu_totem_final.py,4234,e1e2410e6381744843c00bc8c39981da3bb0adba76194278d830d71c3fcd77dc
_archive\cleanup_2026_02_10\_automation\odoo_ui\rebuild_menu_totem_safe.py,3574,1b4b3442b9cb8fda4dbda163600b0839a21ba4241a9399e827eb9cc17cb1d50c
_archive\cleanup_2026_02_10\_automation\odoo_ui\rebuild_menu_totem_v2.py,10404,c5c19d8294398e93853e202e23596a0ab24b9e8abd7bdd1e7762367617e939bf
_archive\cleanup_2026_02_10\_automation\odoo_ui\restore_menu_from_existing_site.py,3821,17306f22858fdb23d6d1f06ca930909a63a9f2865c2c59f27178680e33f73dd3
_archive\cleanup_2026_02_10\_automation\odoo_ui\restore_website_menu_totem.py,3615,a640b3eebabfa4f571c95b023f1efd9c76f3fad8c49f800c5eaa1a00b2751e65
_archive\cleanup_2026_02_10\_automation\odoo_ui\test_odoo_auth.py,870,0421a26a6ad032ff5def40cecd6db4a9e7ce4f7685df6c8e307337d991fafb67
_archive\cleanup_2026_02_10\_odoo_dumps\odoo_ui_dump_2026-02-09_10-46-26.json,10869,79a2d5b1a62292cb1937ee01b7be654d60c1e8a871776c068b649a59910a5957
_odoo_freeze_snapshots\UI_FREEZE_2026-02-09.json,14148,f1ffac62a012f01862eb1def38a7d61a7280ec5989bec8cd3866a87a8306a9dd
